Rk,Player,Pos,Age,Tm,G,GS,MP,FG,FGA,FG%,3P,3PA,3P%,2P,2PA,2P%,FT,FTA,FT%,ORB,DRB,TRB,AST,STL,BLK,TOV,PF,PTS,,ORtg,DRtg,Player-additional
1,Mahmoud Abdul-Rauf,PG,27,SAC,75,51,2131,10.2,22.9,.445,2.3,6.1,.382,7.8,16.8,.468,2.8,3.4,.846,0.4,2.6,3.0,4.7,1.4,0.1,2.9,4.3,25.5,,105,112,abdulma02
2,Shareef Abdur-Rahim,PF,20,VAN,80,71,2802,10.7,23.5,.453,0.1,0.5,.259,10.5,23.0,.457,7.5,10.1,.746,4.2,6.6,10.7,3.4,1.5,1.5,4.4,3.9,28.9,,102,112,abdursh01
3,Rafael Addison,SF,32,CHH,41,3,355,7.5,18.6,.402,1.2,3.1,.400,6.3,15.6,.402,3.4,4.3,.786,2.9,4.0,6.9,5.2,1.2,0.5,2.6,7.9,19.5,,103,112,addisra01
4,Cory Alexander,PG,23,SAS,80,6,1454,7.3,18.5,.396,3.6,9.5,.373,3.8,9.0,.420,3.6,4.9,.736,1.1,3.6,4.7,9.6,3.1,0.6,5.5,5.6,21.8,,101,112,alexaco01
5,Jerome Allen,SG,24,TOT,76,1,943,4.4,12.5,.353,1.7,5.3,.323,2.7,7.2,.375,2.4,4.1,.583,1.4,4.1,5.5,8.6,1.8,0.2,3.9,4.8,12.9,,95,109,allenje01
5,Jerome Allen,SG,24,IND,51,1,692,4.4,11.5,.388,1.8,4.6,.390,2.7,6.9,.386,2.1,3.7,.574,1.0,4.1,5.1,8.5,2.1,0.0,4.4,5.2,12.8,,95,107,allenje01
5,Jerome Allen,SG,24,DEN,25,0,251,4.3,15.3,.284,1.4,7.0,.206,2.9,8.3,.350,3.1,5.2,.600,2.5,4.3,6.8,8.9,0.8,0.8,2.7,3.5,13.2,,94,114,allenje01
6,Ray Allen*,SG,21,MIL,82,81,2532,8.3,19.2,.430,2.5,6.3,.393,5.8,12.9,.448,4.3,5.3,.823,2.1,4.8,6.9,4.4,1.6,0.2,3.2,4.6,23.3,,109,110,allenra02
7,Derrick Alston,C,24,ATL,2,0,11,0.0,25.1,.000,0.0,0.0,,0.0,25.1,.000,0.0,10.1,.000,15.1,5.0,20.1,0.0,0.0,0.0,0.0,0.0,0.0,,35,109,alstode01
8,Ashraf Amaya,PF,25,WSB,31,0,144,4.3,14.4,.300,0.4,0.4,1.000,4.0,14.1,.282,5.4,10.1,.536,6.9,11.9,18.8,1.1,2.5,1.1,3.6,10.5,14.4,,86,99,amayaas01
9,Greg Anderson,C,32,SAS,82,48,1659,4.3,8.7,.496,0.0,0.0,.000,4.3,8.6,.498,2.1,3.1,.667,5.2,9.6,14.8,1.1,2.1,2.2,2.4,7.5,10.7,,105,108,andergr01
10,Kenny Anderson,PG,26,POR,82,81,3081,8.3,19.5,.427,2.3,6.3,.361,6.0,13.2,.458,5.7,7.5,.768,1.6,4.7,6.2,10.0,2.8,0.3,3.3,3.8,24.6,,117,104,anderke01
11,Nick Anderson,SG,29,ORL,63,61,2163,7.2,18.2,.397,3.6,10.2,.353,3.6,8.0,.453,1.0,2.4,.404,1.7,6.0,7.6,4.6,3.0,0.8,2.2,4.0,19.0,,104,104,anderni01
12,Shandon Anderson,SG,23,UTA,65,0,1066,7.4,15.9,.462,1.2,2.4,.511,6.2,13.6,.454,3.4,5.0,.687,2.6,6.4,9.0,2.5,1.4,0.4,3.7,5.7,19.3,,99,106,andersh01
13,Willie Anderson,SG,30,MIA,28,1,303,5.2,11.5,.453,1.4,3.4,.421,3.8,8.1,.467,3.1,3.6,.850,2.7,4.8,7.5,6.1,2.5,0.7,3.4,6.5,14.9,,111,101,anderwi01
14,Greg Anthony,PG,29,VAN,65,44,1863,5.8,14.8,.393,2.6,6.9,.370,3.2,7.8,.413,3.8,5.2,.730,0.7,4.6,5.4,11.9,3.8,0.1,3.8,3.6,17.9,,108,110,anthogr01
15,B.J. Armstrong,PG,29,GSW,49,17,1020,7.6,16.7,.453,1.3,4.6,.278,6.3,12.1,.519,3.5,4.0,.861,0.4,3.4,3.8,6.5,1.3,0.1,2.7,2.9,19.9,,110,116,armstbj01
16,Darrell Armstrong,PG,28,ORL,67,0,1010,7.1,18.6,.383,3.0,9.7,.304,4.1,8.8,.470,4.9,5.7,.868,1.9,2.2,4.1,9.4,3.3,0.5,5.3,6.1,22.1,,103,107,armstda01
17,Vincent Askew,SG,30,TOT,43,0,838,5.2,12.0,.435,0.5,1.5,.292,4.8,10.4,.457,4.5,5.7,.795,1.6,4.7,6.3,5.8,1.1,0.4,3.0,7.9,15.4,,107,108,askewvi01
17,Vincent Askew,SG,30,NJN,1,0,7,0.0,0.0,,0.0,0.0,,0.0,0.0,,0.0,0.0,,0.0,0.0,0.0,0.0,0.0,0.0,0.0,7.4,0.0,,,119,askewvi01
17,Vincent Askew,SG,30,IND,41,0,822,5.2,12.0,.432,0.5,1.6,.292,4.7,10.4,.453,4.5,5.6,.791,1.6,4.8,6.4,5.9,1.1,0.4,2.8,8.0,15.3,,109,108,askewvi01
17,Vincent Askew,SG,30,DEN,1,0,9,11.5,17.3,.667,0.0,0.0,,11.5,17.3,.667,11.5,11.5,1.000,0.0,0.0,0.0,0.0,0.0,0.0,23.1,0.0,34.6,,66,120,askewvi01
18,Keith Askins,SF,29,MIA,78,30,1773,4.2,9.8,.433,2.1,5.3,.401,2.1,4.5,.469,1.2,1.8,.672,2.6,5.7,8.3,2.3,1.6,0.6,1.8,6.0,11.8,,111,102,askinke01
19,Stacey Augmon,SG,28,TOT,60,10,942,6.0,12.6,.477,0.0,0.0,,6.0,12.6,.477,4.0,5.6,.711,2.7,5.2,7.9,3.2,2.4,1.0,3.7,5.0,16.0,,100,103,augmost01
19,Stacey Augmon,SG,28,DET,20,3,292,6.0,15.0,.403,0.0,0.0,,6.0,15.0,.403,5.4,8.0,.683,2.7,6.8,9.5,2.9,1.9,1.9,5.3,5.6,17.5,,87,103,augmost01
19,Stacey Augmon,SG,28,POR,40,7,650,6.0,11.6,.517,0.0,0.0,,6.0,11.6,.517,3.3,4.5,.732,2.7,4.5,7.2,3.3,2.6,0.6,3.0,4.7,15.3,,108,104,augmost01
20,Isaac Austin,C,27,MIA,82,17,1881,9.3,18.5,.502,0.0,0.1,.000,9.3,18.4,.505,4.3,6.5,.664,3.9,9.9,13.8,2.9,1.3,1.2,4.7,7.1,22.9,,99,99,austiis01
21,Vin Baker,PF,25,MIL,78,78,3159,10.7,21.2,.505,0.3,0.9,.278,10.5,20.3,.515,6.1,8.8,.687,4.5,9.1,13.6,3.6,1.4,1.9,4.2,4.7,27.8,,108,106,bakervi01
22,Charles Barkley*,PF,33,HOU,53,53,2009,8.7,18.0,.484,1.5,5.3,.283,7.2,12.7,.569,7.5,10.8,.694,5.5,13.1,18.7,6.5,1.8,0.7,3.9,4.0,26.5,,117,100,barklch01
23,Dana Barros,PG,29,BOS,24,8,708,7.8,17.9,.435,3.0,7.4,.410,4.7,10.5,.453,2.6,3.0,.860,0.4,3.0,3.4,5.7,1.8,0.4,2.8,2.4,21.2,,109,114,barroda01
24,Brent Barry,SG,25,LAC,59,0,1094,7.4,18.2,.409,2.7,8.3,.324,4.8,9.9,.481,3.7,4.5,.817,1.4,3.8,5.3,7.4,2.5,0.7,3.7,4.2,21.2,,107,109,barrybr01
25,Jon Barry,SG,27,ATL,58,8,965,5.7,14.1,.407,2.8,7.1,.387,3.0,7.0,.426,2.1,2.6,.804,1.5,4.2,5.7,6.6,3.2,0.2,3.4,3.2,16.3,,108,103,barryjo01
26,Benoit Benjamin,C,32,TOR,4,3,44,6.0,14.5,.417,0.0,0.0,,6.0,14.5,.417,3.6,4.8,.750,3.6,7.2,10.8,1.2,1.2,0.0,2.4,6.0,15.7,,99,110,benjabe01
27,Elmer Bennett,PG,26,TOT,9,0,75,4.2,13.2,.316,2.1,6.2,.333,2.1,6.9,.300,4.9,6.9,.700,0.0,2.8,2.8,7.6,2.8,0.0,6.9,4.9,15.3,,82,111,benneel01
27,Elmer Bennett,PG,26,HOU,4,0,16,6.5,19.6,.333,3.3,9.8,.333,3.3,9.8,.333,16.4,19.6,.833,0.0,3.3,3.3,13.1,6.5,0.0,0.0,3.3,32.7,,144,98,benneel01
27,Elmer Bennett,PG,26,DEN,5,0,59,3.5,11.4,.308,1.8,5.3,.333,1.8,6.2,.286,1.8,3.5,.500,0.0,2.6,2.6,6.2,1.8,0.0,8.8,5.3,10.6,,60,114,benneel01
28,Travis Best,PG,24,IND,76,46,2064,7.2,16.2,.442,1.5,4.1,.368,5.7,12.2,.467,3.9,5.1,.756,0.9,3.4,4.3,8.3,2.6,0.1,4.0,5.8,19.7,,105,106,besttr01
29,Mookie Blaylock,PG,29,ATL,78,78,3056,9.1,21.0,.432,4.0,10.9,.366,5.1,10.0,.505,2.4,3.1,.753,2.1,5.4,7.5,8.4,3.8,0.4,3.3,2.6,24.5,,115,100,blaylmo01
30,Corie Blount,PF,28,LAL,58,18,1009,4.8,9.3,.514,0.1,0.2,.333,4.7,9.2,.517,2.9,4.3,.675,5.9,8.5,14.4,1.8,1.1,1.4,2.6,6.3,12.6,,112,104,blounco01
31,Muggsy Bogues,PG,32,CHH,65,65,1880,5.9,12.8,.460,1.7,4.2,.417,4.2,8.6,.482,1.6,1.8,.844,0.7,3.3,4.1,13.5,2.4,0.1,3.1,3.3,15.0,,119,111,boguemu01
32,Dexter Boney,SG,26,PHO,8,0,48,6.4,20.4,.316,1.1,6.4,.167,5.4,13.9,.385,6.4,8.6,.750,3.2,3.2,6.4,0.0,2.1,1.1,1.1,3.2,20.4,,95,110,boneyde01
33,Melvin Booker,PG,24,TOT,21,4,430,5.6,12.7,.438,1.5,4.5,.324,4.1,8.3,.500,2.2,2.4,.900,0.8,2.7,3.5,6.4,0.4,0.2,3.3,3.4,14.8,,105,118,bookeme01
33,Melvin Booker,PG,24,DEN,5,0,21,4.9,9.9,.500,2.5,4.9,.500,2.5,4.9,.500,0.0,0.0,,0.0,2.5,2.5,7.4,0.0,0.0,17.3,0.0,12.4,,51,118,bookeme01
33,Melvin Booker,PG,24,GSW,16,4,409,5.6,12.9,.436,1.4,4.5,.314,4.2,8.4,.500,2.3,2.6,.900,0.9,2.7,3.6,6.4,0.4,0.3,2.6,3.6,14.9,,110,118,bookeme01
34,Bruce Bowen,SF,25,MIA,1,0,1,0.0,0.0,,0.0,0.0,,0.0,0.0,,0.0,0.0,,0.0,0.0,0.0,0.0,0.0,54.4,0.0,0.0,0.0,,,60,bowenbr01
35,Donnie Boyce,SG,23,ATL,22,2,154,7.5,22.6,.333,0.7,5.7,.125,6.8,16.9,.404,3.9,7.9,.500,2.5,2.9,5.4,4.7,3.6,1.4,5.7,6.1,19.7,,77,102,boycedo01
36,Shawn Bradley,C,24,TOT,73,70,2288,9.4,20.9,.449,0.0,0.2,.000,9.4,20.7,.453,3.4,5.3,.654,5.1,9.0,14.1,1.2,0.9,5.7,3.1,5.5,22.2,,98,105,bradlsh01
36,Shawn Bradley,C,24,NJN,40,38,1228,8.4,19.3,.436,0.0,0.2,.000,8.4,19.1,.441,3.4,5.2,.664,5.0,8.8,13.8,0.8,1.0,6.8,2.7,5.2,20.3,,99,104,bradlsh01
36,Shawn Bradley,C,24,DAL,33,32,1060,10.5,22.8,.461,0.0,0.2,.000,10.5,22.7,.464,3.5,5.4,.642,5.2,9.3,14.5,1.6,0.9,4.5,3.6,5.8,24.5,,97,105,bradlsh01
37,Mark Bradtke,C,28,PHI,36,0,251,5.0,11.6,.431,0.0,0.0,,5.0,11.6,.431,1.8,2.6,.692,5.2,8.4,13.6,1.4,1.0,1.0,1.8,6.8,11.8,,104,111,bradtma01
38,Terrell Brandon,PG,26,CLE,78,78,2868,11.6,26.5,.438,2.0,5.5,.373,9.6,21.0,.455,5.4,6.0,.902,1.0,5.1,6.1,9.9,2.8,0.6,3.6,3.6,30.7,,111,102,brandte01
39,Frank Brickowski,PF,37,BOS,17,2,255,6.3,14.3,.438,1.4,3.9,.350,4.9,10.4,.472,2.0,2.8,.714,1.2,5.5,6.7,2.9,1.0,0.8,3.7,8.3,15.9,,92,113,brickfr01
40,Scott Brooks,PG,31,NYK,38,0,251,4.0,8.2,.487,1.1,2.5,.417,3.0,5.7,.519,3.0,3.2,.933,1.3,2.5,3.8,6.1,4.4,0.0,3.6,7.4,12.0,,109,99,brooksc01
41,Chucky Brown,SF,28,TOT,70,1,757,5.5,10.9,.506,0.1,0.4,.167,5.4,10.4,.520,3.3,4.9,.671,2.9,7.5,10.4,2.0,0.6,1.6,1.3,7.0,14.4,,116,109,brownch01
41,Chucky Brown,SF,28,PHO,10,0,83,8.1,16.1,.500,0.0,0.0,,8.1,16.1,.500,5.0,6.8,.727,1.9,8.1,9.9,2.5,0.0,1.2,2.5,8.7,21.1,,107,110,brownch01
41,Chucky Brown,SF,28,MIL,60,1,674,5.2,10.2,.508,0.1,0.5,.167,5.1,9.7,.525,3.1,4.7,.661,3.0,7.5,10.5,1.9,0.7,1.6,1.2,6.8,13.5,,118,109,brownch01
42,Dee Brown,PG,28,BOS,21,2,522,5.9,15.9,.367,1.9,6.2,.308,3.9,9.7,.406,1.7,2.1,.818,0.8,3.8,4.6,6.4,3.0,0.7,2.3,4.3,15.4,,99,111,brownde01
43,Marcus Brown,PG,22,POR,21,0,184,8.0,20.1,.400,3.7,9.2,.406,4.3,10.9,.395,3.7,5.5,.684,1.1,3.2,4.3,5.7,2.3,0.6,3.7,7.5,23.5,,105,105,brownma01
44,Mike Brown,C,33,PHO,6,1,83,3.1,7.4,.417,0.0,0.0,,3.1,7.4,.417,3.7,6.2,.600,5.6,9.9,15.5,3.1,0.6,0.6,1.2,5.6,9.9,,118,109,brownmi01
45,P.J. Brown,PF,27,MIA,80,71,2592,6.3,13.8,.457,0.0,0.0,.000,6.3,13.7,.459,3.4,4.6,.732,5.0,9.0,14.1,1.9,1.8,2.1,2.4,5.9,16.0,,107,98,brownpj01
46,Randy Brown,PG,28,CHI,72,3,1057,7.1,16.8,.420,0.2,1.1,.182,6.9,15.7,.437,2.9,4.2,.679,1.7,3.9,5.6,6.7,4.1,0.9,2.9,5.9,17.2,,102,100,brownra02
47,Kobe Bryant*,SF,18,LAL,71,6,1103,8.4,20.2,.417,2.4,6.5,.375,6.0,13.7,.437,6.5,7.9,.819,2.2,4.1,6.3,4.3,2.3,1.1,5.3,4.9,25.7,,101,105,bryanko01
48,Mark Bryant,PF,31,PHO,41,18,1018,7.7,13.9,.553,0.0,0.0,,7.7,13.9,.553,3.8,5.5,.704,3.4,7.3,10.7,2.4,1.1,0.3,2.3,6.9,19.2,,114,110,bryanma01
49,Jud Buechler,SF,28,CHI,76,0,703,4.4,12.0,.367,1.4,4.1,.333,3.0,7.9,.385,0.4,1.1,.357,3.4,6.1,9.6,4.6,1.7,1.6,2.0,3.8,10.5,,101,103,buechju01
50,Matt Bullard,PF,29,HOU,71,12,1025,5.8,14.5,.401,3.4,9.4,.366,2.4,5.2,.465,1.3,1.7,.735,0.7,5.3,6.0,3.4,1.1,0.9,1.9,3.5,16.4,,106,107,bullama01
51,Scott Burrell,SF,26,TOT,57,2,939,5.6,15.4,.362,2.3,6.6,.353,3.2,8.8,.368,3.2,4.3,.750,2.8,6.2,9.0,4.2,1.6,1.1,3.0,6.8,16.7,,101,110,burresc01
51,Scott Burrell,SF,26,CHH,28,2,482,5.1,14.7,.344,2.1,6.2,.345,2.9,8.5,.342,4.7,6.0,.792,2.7,6.2,8.9,4.4,1.6,1.2,2.8,6.7,17.0,,103,109,burresc01
51,Scott Burrell,SF,26,GSW,29,0,457,6.1,16.0,.379,2.5,7.0,.361,3.5,9.0,.392,1.7,2.6,.652,2.9,6.2,9.0,4.0,1.6,0.9,3.2,6.9,16.3,,98,112,burresc01
52,Willie Burton,SF,28,ATL,24,2,380,5.7,16.9,.336,1.9,6.7,.283,3.8,10.2,.371,8.3,9.9,.838,1.6,4.4,6.0,1.6,1.2,0.4,3.8,8.0,21.5,,100,106,burtowi01
53,Mitchell Butler,SG,26,POR,49,1,465,5.9,14.2,.416,1.4,4.4,.308,4.5,9.8,.465,3.6,5.7,.640,2.2,3.9,6.0,3.4,1.5,0.2,3.1,6.2,16.8,,101,107,butlemi02
54,Jason Caffey,PF,23,CHI,75,19,1405,7.8,14.6,.532,0.0,0.0,.000,7.8,14.6,.534,5.3,8.0,.659,5.1,6.3,11.4,3.4,0.9,0.3,3.7,5.7,20.8,,112,105,caffeja01
55,Michael Cage,C,35,PHI,82,24,1247,2.7,5.7,.468,0.0,0.0,,2.7,5.7,.468,0.8,1.7,.463,4.5,8.4,12.9,1.7,1.9,1.7,0.7,4.8,6.1,,118,109,cagemi01
56,Adrian Caldwell,PF,30,TOT,45,0,569,3.6,8.2,.435,0.0,0.2,.000,3.6,8.1,.444,1.9,4.5,.420,5.2,9.8,14.9,1.1,1.4,0.7,2.5,7.8,9.0,,92,109,caldwad01
56,Adrian Caldwell,PF,30,NJN,18,0,204,2.5,8.9,.286,0.0,0.5,.000,2.5,8.4,.303,2.3,4.3,.529,5.1,9.2,14.3,1.3,2.0,0.3,3.1,6.9,7.4,,77,108,caldwad01
56,Adrian Caldwell,PF,30,PHI,27,0,365,4.1,7.9,.526,0.0,0.0,,4.1,7.9,.526,1.7,4.6,.364,5.2,10.1,15.3,1.0,1.1,1.0,2.2,8.3,9.9,,101,110,caldwad01
57,Marcus Camby,C,22,TOR,63,38,1897,10.5,21.7,.482,0.1,0.4,.143,10.4,21.3,.488,5.1,7.4,.693,3.7,7.3,11.0,2.7,1.8,3.6,3.7,6.0,26.1,,103,105,cambyma01
58,Elden Campbell,PF,28,LAL,77,77,2516,9.3,19.7,.469,0.0,0.1,.250,9.2,19.6,.470,5.5,7.7,.711,4.3,8.5,12.9,2.6,1.0,2.4,2.7,5.8,24.0,,108,103,campbel01
59,Antoine Carr,PF,35,UTA,82,0,1460,9.2,19.1,.483,0.0,0.1,.000,9.2,19.0,.486,3.6,4.6,.780,2.2,4.9,7.1,2.7,0.9,2.3,2.7,7.8,22.0,,103,106,carran01
60,Chris Carr,SG,22,MIN,55,10,830,8.0,17.3,.461,2.0,5.6,.352,6.0,11.7,.514,3.6,4.7,.767,2.0,5.2,7.2,3.1,1.5,0.6,2.4,5.9,21.5,,110,109,carrch01
61,Jimmy Carruth,PF,27,MIL,4,0,21,5.1,7.7,.667,0.0,0.0,,5.1,7.7,.667,2.6,2.6,1.000,0.0,10.2,10.2,0.0,0.0,5.1,2.6,10.2,12.8,,110,105,carruji01
62,Sam Cassell,PG,27,TOT,61,44,1714,10.3,23.9,.430,2.5,7.0,.351,7.8,16.8,.464,6.5,7.7,.845,1.4,4.1,5.5,9.3,2.3,0.6,5.1,6.1,29.5,,108,110,cassesa01
62,Sam Cassell,PG,27,PHO,22,9,539,9.6,23.0,.415,1.8,5.9,.306,7.7,17.1,.453,10.1,11.8,.855,1.1,3.6,4.8,9.5,2.2,0.6,5.7,6.3,31.1,,106,110,cassesa01
62,Sam Cassell,PG,27,DAL,16,13,398,9.5,22.4,.424,2.0,6.6,.306,7.5,15.7,.474,5.7,6.8,.840,1.9,4.9,6.8,7.7,2.3,0.8,5.6,6.5,26.7,,101,108,cassesa01
62,Sam Cassell,PG,27,NJN,23,22,777,11.2,25.2,.443,3.1,8.0,.392,8.0,17.2,.467,4.3,5.1,.831,1.4,4.1,5.5,10.0,2.5,0.5,4.5,5.8,29.8,,112,110,cassesa01
63,Duane Causwell,C,28,SAC,46,8,581,4.4,8.5,.511,0.2,0.3,.667,4.2,8.3,.505,1.8,3.4,.541,5.2,6.4,11.5,1.8,1.4,3.4,3.1,11.9,10.7,,100,106,causwdu01
64,Cedric Ceballos,SF,27,TOT,50,40,1426,10.2,22.4,.457,0.9,3.7,.255,9.3,18.7,.497,5.0,6.7,.747,3.7,8.3,12.0,2.3,1.2,0.8,3.1,4.1,26.4,,104,108,cebalce01
64,Cedric Ceballos,SF,27,LAL,8,8,279,6.4,15.7,.410,0.9,4.0,.238,5.5,11.7,.468,2.5,2.8,.867,2.1,7.9,10.0,2.8,0.9,1.1,3.2,3.6,16.2,,95,105,cebalce01
64,Cedric Ceballos,SF,27,PHO,42,32,1147,11.1,24.0,.464,0.9,3.6,.259,10.2,20.3,.501,5.7,7.7,.737,4.1,8.4,12.4,2.2,1.3,0.8,3.1,4.2,28.9,,105,108,cebalce01
65,Tom Chambers,PF,37,CHH,12,5,83,4.6,20.2,.226,1.3,2.0,.667,3.3,18.3,.179,2.0,2.6,.750,2.0,7.2,9.1,2.6,0.7,0.0,5.9,9.1,12.4,,58,111,chambto01
66,Rex Chapman,SG,29,PHO,65,33,1833,9.3,21.0,.443,3.1,8.8,.350,6.2,12.2,.510,3.5,4.2,.832,0.7,4.4,5.1,5.1,1.5,0.2,2.7,3.0,25.2,,108,111,chapmre01
67,Calbert Cheaney,SG,25,WSB,79,79,2411,8.0,15.7,.505,0.1,0.6,.133,7.9,15.1,.521,2.0,3.0,.693,1.5,4.3,5.8,2.5,1.7,0.4,2.0,4.9,18.0,,105,108,cheanca01
68,Pete Chilcutt,PF,28,VAN,54,1,662,5.9,13.5,.436,2.0,5.7,.362,3.9,7.9,.490,1.1,1.8,.591,5.5,7.3,12.8,3.9,2.1,1.4,2.3,4.3,14.9,,110,110,chilcpe01
69,Randolph Childress,PG,24,TOT,23,0,155,4.8,13.8,.350,1.7,6.6,.263,3.1,7.3,.429,2.1,2.8,.750,0.3,1.7,2.1,5.9,3.1,0.0,6.2,5.5,13.5,,78,105,childra01
69,Randolph Childress,PG,24,POR,19,0,125,4.2,12.7,.333,1.3,6.8,.188,3.0,5.9,.500,2.5,3.4,.750,0.4,1.7,2.1,6.3,3.0,0.0,5.5,4.6,12.2,,80,105,childra01
69,Randolph Childress,PG,24,DET,4,0,30,7.6,18.9,.400,3.8,5.7,.667,3.8,13.2,.286,0.0,0.0,,0.0,1.9,1.9,3.8,3.8,0.0,9.5,9.5,18.9,,70,104,childra01
70,Chris Childs,PG,29,NYK,65,61,2076,5.4,13.0,.414,1.8,4.6,.387,3.6,8.4,.429,2.9,3.8,.758,0.6,4.3,4.9,10.2,2.0,0.3,4.6,5.4,15.5,,102,103,childch01
71,Doug Christie,SG,26,TOR,81,81,3127,6.7,16.1,.417,2.5,6.5,.384,4.2,9.6,.440,4.0,5.2,.775,1.4,5.9,7.3,5.3,3.4,0.8,3.4,4.2,19.9,,108,106,chrisdo01
72,Derrick Coleman,PF,29,PHI,57,54,2102,8.7,20.0,.435,0.8,2.9,.269,8.0,17.2,.463,6.5,8.7,.745,3.8,10.0,13.7,4.6,1.2,1.8,4.4,3.9,24.7,,104,109,colemde01
73,Bimbo Coles,PG,28,GSW,51,13,1183,5.4,13.9,.389,1.3,4.5,.294,4.1,9.4,.434,1.6,2.2,.755,1.7,3.5,5.2,6.6,1.5,0.3,2.6,4.2,13.7,,102,115,colesbi01
74,Marty Conlon,C,29,BOS,74,15,1614,6.6,14.1,.471,0.1,0.3,.200,6.6,13.8,.477,4.5,5.3,.842,4.0,6.1,10.0,3.2,1.4,0.6,3.4,4.8,17.8,,106,113,conloma01
75,Tyrone Corbin,SF,34,ATL,70,65,2305,6.1,14.4,.422,1.8,5.0,.356,4.3,9.4,.457,2.1,2.6,.796,1.8,5.2,7.1,3.0,2.2,0.2,2.0,4.2,16.0,,107,104,corbity01
76,Joe Courtney,PF,27,TOT,9,0,100,5.8,15.7,.367,0.0,0.0,,5.8,15.7,.367,1.6,2.6,.600,4.7,3.7,8.4,0.0,0.0,0.0,1.6,7.3,13.1,,89,118,courtjo01
76,Joe Courtney,PF,27,PHI,4,0,52,5.8,13.6,.429,0.0,0.0,,5.8,13.6,.429,0.0,0.0,,4.8,3.9,8.7,0.0,0.0,0.0,1.0,7.8,11.6,,100,118,courtjo01
76,Joe Courtney,PF,27,SAS,5,0,48,5.7,18.3,.313,0.0,0.0,,5.7,18.3,.313,3.4,5.7,.600,4.6,3.4,8.0,0.0,0.0,0.0,2.3,6.9,14.9,,81,119,courtjo01
77,John Crotty,PG,27,MIA,48,0,659,6.5,12.7,.513,1.7,4.0,.408,4.9,8.7,.562,4.5,5.3,.844,1.2,2.6,3.9,8.4,1.5,0.0,3.5,6.5,19.1,,122,105,crottjo01
78,Terry Cummings,PF,35,SEA,45,3,828,9.9,20.5,.486,0.2,0.3,.600,9.8,20.2,.484,3.7,5.3,.695,4.5,7.3,11.7,2.5,2.1,0.4,2.9,7.3,23.8,,106,103,cummite01
79,Earl Cureton,PF,39,TOR,9,0,46,3.5,9.2,.375,0.0,0.0,,3.5,9.2,.375,1.2,3.5,.333,4.6,5.8,10.4,4.6,0.0,0.0,1.2,11.5,8.1,,102,113,curetea01
80,Dell Curry,SG,32,CHH,68,20,2078,10.0,21.8,.459,3.3,7.7,.426,6.7,14.1,.478,3.0,3.7,.803,1.0,4.5,5.5,3.1,1.6,0.4,2.4,3.8,26.3,,109,111,curryde01
81,Michael Curry,SG,28,DET,81,2,1217,4.6,10.3,.448,1.1,3.6,.299,3.5,6.7,.528,4.5,5.0,.898,1.1,4.5,5.6,2.0,1.4,0.6,1.3,6.0,14.8,,121,107,currymi01
82,Erick Dampier,C,21,IND,72,21,1052,6.7,17.2,.390,0.1,0.1,1.000,6.7,17.2,.388,5.5,8.6,.637,4.9,10.2,15.1,2.2,1.0,3.7,4.3,7.8,19.0,,91,101,dampier01
83,Lloyd Daniels,SG,29,TOT,22,0,310,6.0,20.0,.303,3.5,11.7,.300,2.5,8.2,.306,0.8,1.0,.833,3.2,4.0,7.2,4.4,1.7,0.5,2.3,5.5,16.4,,95,112,daniell01
83,Lloyd Daniels,SG,29,SAC,5,0,28,3.8,30.1,.125,3.8,20.7,.182,0.0,9.4,.000,0.0,0.0,,1.9,5.6,7.5,1.9,1.9,0.0,5.6,7.5,11.3,,43,109,daniell01
83,Lloyd Daniels,SG,29,NJN,17,0,282,6.3,19.0,.330,3.5,10.9,.322,2.8,8.1,.341,0.9,1.1,.833,3.3,3.9,7.2,4.6,1.7,0.6,2.0,5.3,17.0,,103,112,daniell01
84,Sasha Danilović,SG,26,TOT,56,42,1789,7.5,17.3,.435,2.6,7.2,.360,4.9,10.1,.488,3.7,4.6,.801,0.9,3.2,4.1,3.1,1.6,0.3,3.5,4.9,21.3,,102,106,danilsa01
84,Sasha Danilović,SG,26,MIA,43,33,1351,7.0,15.9,.442,2.5,7.1,.358,4.5,8.9,.509,2.9,3.8,.777,0.8,3.3,4.1,3.1,1.6,0.3,3.8,5.0,19.6,,100,104,danilsa01
84,Sasha Danilović,SG,26,DAL,13,9,438,9.0,21.4,.420,2.7,7.4,.367,6.3,14.0,.447,5.9,7.0,.842,1.0,3.2,4.2,3.1,1.8,0.1,2.7,4.6,26.6,,108,111,danilsa01
85,Yinka Dare,C,24,NJN,41,2,313,3.2,9.0,.352,0.0,0.0,,3.2,9.0,.352,3.2,6.1,.514,5.8,7.8,13.6,0.5,0.7,4.6,3.5,8.5,9.5,,83,107,dareyi01
86,Antonio Davis,PF,28,IND,82,28,2335,7.1,14.8,.480,0.0,0.3,.071,7.1,14.5,.490,5.6,8.4,.666,4.4,9.4,13.8,1.5,1.0,1.9,3.3,6.0,19.8,,105,103,davisan01
87,Ben Davis,PF,24,PHO,20,0,98,5.3,13.7,.385,0.0,0.0,,5.3,13.7,.385,4.7,10.5,.450,6.3,7.9,14.2,0.0,2.1,0.5,1.6,8.4,15.2,,96,107,davisbe01
88,Dale Davis,PF,27,IND,80,76,2589,7.7,14.3,.538,0.0,0.0,,7.7,14.3,.538,1.9,4.5,.428,6.3,9.8,16.1,1.2,1.2,1.6,2.2,4.9,17.3,,109,103,davisda01
89,Emanual Davis,PG,28,HOU,13,0,230,5.5,12.3,.444,2.7,6.2,.444,2.7,6.2,.444,1.1,1.8,.625,0.5,4.6,5.0,5.9,2.1,0.5,3.9,4.6,14.8,,100,106,davisem01
90,Hubert Davis,SG,26,TOR,36,0,623,6.3,15.6,.402,1.4,6.0,.229,4.9,9.7,.509,1.4,2.0,.739,0.9,2.5,3.4,2.9,0.9,0.2,1.8,3.4,15.4,,99,114,davishu01
91,Mark Davis,SF,23,PHI,75,17,1705,7.4,15.8,.469,0.7,2.7,.258,6.7,13.1,.514,3.3,5.0,.673,4.1,5.5,9.5,4.0,2.5,0.9,3.5,6.8,18.9,,105,110,davisma02
92,Todd Day,SG,27,BOS,81,27,2277,8.8,22.0,.398,2.8,7.7,.362,6.0,14.3,.418,5.6,7.3,.773,2.4,4.9,7.3,2.6,2.4,1.1,2.8,4.6,25.9,,105,111,dayto01
93,Andrew DeClercq,C,23,GSW,71,1,1065,7.0,13.4,.520,0.0,0.0,,7.0,13.4,.520,4.5,7.4,.603,6.0,8.6,14.6,1.6,1.6,1.3,3.7,11.2,18.4,,105,109,declean01
94,Terry Dehere,PG,25,LAC,73,3,1053,7.4,19.1,.386,2.6,8.0,.325,4.8,11.1,.430,6.1,7.4,.824,0.7,4.0,4.7,7.9,1.3,0.1,4.8,7.1,23.5,,103,111,deherte01
95,Vinny Del Negro,SG,30,SAS,72,53,2243,8.9,19.1,.467,1.1,3.4,.314,7.9,15.7,.501,2.7,3.2,.868,1.0,4.2,5.1,5.7,1.4,0.2,2.3,3.2,21.7,,111,116,delnevi01
96,Bison Dele,C,27,CHI,9,0,138,10.1,24.4,.413,0.0,0.0,,10.1,24.4,.413,4.3,5.8,.733,5.4,7.3,12.8,4.6,1.2,1.9,4.3,7.7,24.4,,98,102,delebi01
97,Tony Delk,PG,23,CHH,61,1,867,7.4,16.0,.465,3.3,7.0,.464,4.2,9.0,.465,2.6,3.2,.824,1.9,4.3,6.2,6.2,2.3,0.4,4.3,4.4,20.8,,108,110,delkto01
98,Dell Demps,SG,26,ORL,2,0,10,0.0,16.3,.000,0.0,5.4,.000,0.0,10.9,.000,10.9,10.9,1.000,0.0,0.0,0.0,0.0,5.4,0.0,0.0,5.4,10.9,,67,104,dempsde01
99,Vlade Divac*,C,28,CHH,81,80,2840,8.0,16.2,.494,0.2,0.9,.234,7.8,15.3,.509,3.4,4.9,.683,4.6,9.2,13.8,5.7,2.0,3.4,3.7,5.3,19.5,,108,104,divacvl01
100,Sherman Douglas,PG,30,MIL,79,79,2316,7.1,14.1,.502,0.9,2.6,.333,6.2,11.5,.540,2.6,4.0,.667,1.3,3.1,4.5,9.9,1.8,0.2,3.5,4.4,17.7,,111,111,douglsh01
101,Greg Dreiling,C,34,DAL,40,3,389,4.7,10.3,.459,0.1,0.1,1.000,4.6,10.1,.452,1.5,3.7,.407,2.6,7.9,10.5,1.5,1.1,1.0,1.2,9.0,11.1,,99,108,dreilgr01
102,Clyde Drexler*,SG,34,HOU,62,62,2271,9.2,20.7,.442,2.7,7.7,.355,6.4,13.0,.493,4.6,6.2,.750,2.7,5.9,8.6,8.2,2.7,0.8,3.6,3.5,25.7,,113,103,drexlcl01
103,Nate Driggers,SG,23,BOS,15,0,132,4.9,16.3,.302,0.0,3.4,.000,4.9,12.9,.382,3.8,5.3,.714,4.6,3.8,8.4,2.3,1.1,0.8,2.3,3.8,13.7,,86,115,driggna01
104,Kevin Duckworth,C,32,LAC,26,22,384,6.2,14.1,.437,0.4,0.5,.750,5.7,13.6,.424,1.5,2.2,.688,3.1,5.1,8.2,2.2,1.2,1.5,4.5,8.6,14.2,,85,109,duckwke01
105,Chris Dudley,C,31,POR,81,14,1840,3.6,8.4,.430,0.0,0.0,,3.6,8.4,.430,1.9,3.9,.474,5.9,11.2,17.0,1.2,1.1,2.8,2.3,7.1,9.1,,98,100,dudlech02
106,Joe Dumars*,SG,33,DET,79,79,2923,7.5,17.0,.440,3.2,7.5,.432,4.3,9.5,.446,4.3,5.0,.867,0.7,3.0,3.7,6.2,1.1,0.0,2.5,1.9,22.5,,119,110,dumarjo01
107,Tony Dumas,SG,24,TOT,24,1,278,6.3,18.5,.344,0.8,5.4,.143,5.6,13.1,.426,3.1,4.8,.640,0.6,2.5,3.1,4.8,1.9,0.4,3.1,8.7,16.5,,84,111,dumasto01
107,Tony Dumas,SG,24,DAL,18,0,227,6.4,18.3,.351,0.7,5.7,.125,5.7,12.6,.453,3.6,5.5,.652,0.7,2.6,3.3,5.2,2.4,0.2,3.6,8.6,17.1,,85,110,dumasto01
107,Tony Dumas,SG,24,PHO,6,1,51,6.1,19.2,.316,1.0,4.0,.250,5.0,15.1,.333,1.0,2.0,.500,0.0,2.0,2.0,3.0,0.0,1.0,1.0,9.1,14.1,,79,115,dumasto01
108,Acie Earl,C,26,TOT,47,0,500,7.1,19.1,.372,0.0,0.5,.000,7.1,18.6,.383,5.7,8.9,.643,3.7,6.5,10.2,2.1,1.6,3.0,3.7,6.5,19.9,,90,107,earlac01
108,Acie Earl,C,26,TOR,38,0,457,6.8,18.2,.376,0.0,0.6,.000,6.8,17.6,.388,5.1,8.1,.629,3.8,6.0,9.9,2.1,1.4,3.1,3.8,6.3,18.8,,89,107,earlac01
108,Acie Earl,C,26,MIL,9,0,43,10.0,28.7,.348,0.0,0.0,,10.0,28.7,.348,12.5,17.5,.714,2.5,11.2,13.7,2.5,3.7,1.2,2.5,8.7,32.4,,98,100,earlac01
109,Tyus Edney,PG,23,SAC,70,20,1376,5.7,15.0,.384,0.3,1.6,.190,5.4,13.4,.407,6.8,8.2,.823,1.3,3.0,4.3,8.7,2.3,0.1,4.3,3.8,18.6,,102,110,edneyty01
110,Blue Edwards,SF,31,VAN,61,12,1439,6.9,17.3,.397,0.9,3.4,.281,5.9,13.9,.425,3.4,4.1,.817,1.8,5.3,7.1,4.3,1.4,0.8,3.1,5.1,18.0,,96,114,edwarbl01
111,Kevin Edwards,PG,31,NJN,32,0,477,7.5,19.9,.377,1.6,4.7,.349,5.9,15.3,.386,4.0,4.7,.860,1.0,3.7,4.7,6.2,1.9,0.4,5.3,3.7,20.7,,92,112,edwarke01
112,Craig Ehlo,SG,35,SEA,62,0,848,5.5,15.5,.351,1.7,6.0,.284,3.8,9.6,.392,0.8,1.6,.500,2.4,4.5,6.9,4.3,2.3,0.3,2.8,4.5,13.4,,90,105,ehlocr01
113,Howard Eisley,PG,24,UTA,82,0,1083,6.8,15.2,.451,1.0,3.5,.278,5.9,11.6,.504,3.4,4.4,.787,1.0,3.2,4.1,9.7,2.2,0.5,5.4,6.9,18.1,,99,107,eisleho01
114,Mario Elie,SF,33,HOU,78,77,2687,5.7,11.4,.497,2.3,5.6,.420,3.3,5.8,.572,4.0,4.5,.896,1.2,3.4,4.6,6.0,1.8,0.2,2.6,3.9,17.7,,125,107,eliema01
115,Sean Elliott,SF,28,SAS,39,39,1393,7.7,18.3,.422,1.7,5.0,.333,6.1,13.3,.456,5.8,7.7,.755,1.9,5.6,7.5,4.9,0.9,0.9,3.5,4.1,23.0,,106,115,elliose01
116,Dale Ellis,SF,36,DEN,82,51,2940,8.4,20.3,.414,3.4,9.3,.364,5.0,11.0,.457,3.8,4.6,.817,1.7,3.4,5.2,2.9,1.1,0.1,2.6,3.1,24.0,,107,115,ellisda01
117,LaPhonso Ellis,PF,26,DEN,55,49,2002,11.5,26.3,.439,2.5,6.7,.367,9.1,19.6,.464,5.7,7.3,.773,2.8,7.2,10.0,3.4,1.1,1.1,3.0,4.7,31.2,,107,111,ellisla01
118,Pervis Ellison,PF,29,BOS,6,4,125,2.4,6.4,.375,0.0,0.0,,2.4,6.4,.375,1.2,2.0,.600,3.6,6.8,10.4,1.6,2.0,3.6,2.8,8.4,6.0,,82,108,ellispe01
119,Brian Evans,SF,23,ORL,14,0,59,7.4,20.3,.364,3.7,7.4,.500,3.7,12.9,.286,0.0,0.0,,0.9,6.4,7.4,6.4,0.9,1.8,1.8,5.5,18.4,,103,107,evansbr01
120,Patrick Ewing*,C,34,NYK,78,78,2887,12.0,24.6,.488,0.0,0.2,.222,12.0,24.5,.490,8.1,10.7,.754,3.2,12.1,15.3,2.9,1.3,3.5,4.9,4.6,32.2,,104,96,ewingpa01
121,Jamie Feick,PF-C,22,TOT,41,0,624,4.9,13.8,.357,0.4,1.2,.357,4.5,12.6,.357,3.0,5.9,.507,7.2,11.6,18.8,2.3,1.4,1.2,2.7,6.9,13.3,,94,109,feickja01
121,Jamie Feick,C,22,CHH,3,0,10,10.8,21.7,.500,5.4,5.4,1.000,5.4,16.3,.333,0.0,10.8,.000,5.4,10.8,16.3,0.0,0.0,5.4,0.0,16.3,27.1,,104,104,feickja01
121,Jamie Feick,PF,22,SAS,38,0,614,4.8,13.7,.353,0.4,1.2,.308,4.5,12.5,.357,3.0,5.8,.523,7.3,11.6,18.9,2.3,1.4,1.2,2.8,6.7,13.1,,94,109,feickja01
122,Duane Ferrell,SF,31,IND,62,18,1115,7.7,16.3,.472,0.9,2.1,.409,6.8,14.2,.481,2.8,4.5,.617,2.8,4.1,6.8,3.2,1.8,0.3,2.7,5.8,19.1,,104,107,ferredu01
123,Danny Ferry,PF,30,CLE,82,48,2633,7.5,17.5,.429,2.5,6.2,.401,5.0,11.2,.445,1.6,1.9,.851,1.8,5.6,7.4,3.3,1.2,0.7,2.1,5.4,19.1,,106,105,ferryda01
124,Michael Finley,SF,23,TOT,83,54,2790,9.1,20.4,.444,1.9,5.3,.361,7.1,15.1,.473,3.8,4.7,.808,1.7,5.4,7.1,4.3,1.3,0.5,3.1,2.6,23.8,,105,111,finlemi01
124,Michael Finley,SF,23,PHO,27,18,796,9.1,19.2,.475,0.9,3.6,.255,8.2,15.7,.525,3.6,4.5,.812,2.2,5.6,7.8,4.4,1.2,0.3,2.8,2.7,22.8,,107,111,finlemi01
124,Michael Finley,SF,23,DAL,56,36,1994,9.0,20.9,.432,2.4,6.1,.387,6.7,14.8,.450,3.8,4.8,.807,1.5,5.4,6.8,4.2,1.4,0.5,3.2,2.6,24.3,,104,110,finlemi01
125,Matt Fish,C,27,TOT,6,0,8,6.5,19.6,.333,0.0,0.0,,6.5,19.6,.333,0.0,0.0,,6.5,26.1,32.7,0.0,0.0,0.0,13.1,13.1,13.1,,50,95,fishma01
125,Matt Fish,C,27,WSB,5,0,7,7.4,22.3,.333,0.0,0.0,,7.4,22.3,.333,0.0,0.0,,7.4,29.7,37.1,0.0,0.0,0.0,14.8,14.8,14.8,,50,93,fishma01
125,Matt Fish,C,27,MIA,1,0,1,0.0,0.0,,0.0,0.0,,0.0,0.0,,0.0,0.0,,0.0,0.0,0.0,0.0,0.0,0.0,0.0,0.0,0.0,,,111,fishma01
126,Derek Fisher,PG,22,LAL,80,3,921,5.9,15.0,.397,1.3,4.2,.301,4.7,10.8,.434,4.5,6.9,.658,1.4,4.1,5.5,6.8,2.3,0.3,4.1,5.0,17.7,,98,106,fishede01
127,Greg Foster,C,28,UTA,79,12,920,6.4,14.2,.453,0.1,0.2,.667,6.3,14.0,.450,3.1,3.8,.831,3.2,7.6,10.8,1.8,0.6,1.2,3.1,8.4,16.1,,98,106,fostegr01
128,Rick Fox,SF,27,BOS,76,75,2650,8.2,18.0,.456,1.9,5.3,.363,6.3,12.7,.494,3.9,5.0,.787,2.2,5.3,7.5,5.4,3.2,0.8,3.4,5.3,22.2,,108,109,foxri01
129,Todd Fuller,C,22,GSW,75,18,949,6.3,14.6,.429,0.0,0.0,,6.3,14.6,.429,4.2,6.1,.691,5.9,7.8,13.7,1.3,0.6,1.1,2.9,8.0,16.7,,102,113,fulleto02
130,Kevin Gamble,SF,31,SAC,62,2,953,6.8,15.8,.430,3.0,6.2,.482,3.8,9.6,.397,0.4,0.6,.700,0.7,5.2,5.9,4.3,1.2,0.9,1.5,4.2,17.0,,111,110,gamblke01
131,Kevin Garnett*,SF,20,MIN,77,77,2995,9.7,19.4,.499,0.1,0.4,.286,9.6,19.1,.503,3.6,4.8,.754,3.4,7.6,10.9,4.2,1.9,2.9,3.1,3.5,23.1,,107,105,garneke01
132,Dean Garrett,C,30,MIN,68,47,1665,7.1,12.4,.573,0.0,0.0,,7.1,12.4,.573,3.1,4.4,.696,4.7,11.0,15.7,1.2,1.3,3.0,1.1,5.0,17.2,,126,103,garrede01
133,Chris Gatling,PF,29,TOT,47,1,1283,13.7,26.1,.525,0.0,0.3,.167,13.7,25.9,.528,9.9,13.8,.717,5.6,9.9,15.5,1.2,1.6,1.3,5.0,5.8,37.3,,108,106,gatlich01
133,Chris Gatling,PF,29,DAL,44,1,1191,14.0,26.3,.533,0.0,0.3,.167,13.9,26.0,.537,10.0,14.2,.706,5.7,10.0,15.8,1.1,1.6,1.4,5.2,5.7,38.0,,108,105,gatlich01
133,Chris Gatling,PF,29,NJN,3,0,92,10.2,24.3,.419,0.0,0.0,,10.2,24.3,.419,8.5,9.0,.938,4.5,7.9,12.4,1.7,2.3,0.0,3.4,7.3,28.8,,108,108,gatlich01
134,Reggie Geary,PG,23,CLE,39,0,246,5.2,13.6,.379,1.9,4.9,.381,3.3,8.7,.378,1.2,2.6,.455,0.9,2.6,3.5,8.5,3.1,0.5,3.5,8.5,13.4,,95,103,gearyre01
135,Matt Geiger,C,27,CHH,49,13,1044,8.9,18.2,.489,0.3,1.0,.300,8.6,17.1,.500,4.6,6.6,.701,5.2,8.2,13.4,2.0,1.0,1.4,3.5,7.9,22.7,,105,108,geigema01
136,Kendall Gill,SF,28,NJN,82,81,3199,10.5,23.6,.443,1.2,3.6,.336,9.3,20.0,.462,6.9,8.7,.797,3.0,5.1,8.1,5.3,2.5,0.7,3.5,3.7,29.1,,112,109,gillke01
137,Armen Gilliam,PF,32,MIL,80,25,2050,6.4,13.7,.471,0.0,0.0,,6.4,13.7,.471,5.2,6.8,.768,3.6,9.4,13.0,1.4,1.6,1.0,2.7,5.4,18.1,,107,106,gilliar01
138,Anthony Goldwire,PG,25,TOT,60,30,1188,5.8,14.7,.397,2.9,6.8,.418,3.0,7.9,.379,2.7,3.5,.782,0.5,3.2,3.7,9.8,1.5,0.1,3.4,4.6,17.3,,109,113,goldwan01
138,Anthony Goldwire,PG,25,CHH,33,9,576,5.8,14.5,.403,3.4,7.7,.439,2.4,6.8,.361,2.8,3.8,.750,0.3,3.3,3.6,8.8,1.8,0.1,3.9,5.5,17.9,,107,112,goldwan01
138,Anthony Goldwire,PG,25,DEN,27,21,612,5.9,14.9,.392,2.4,6.0,.394,3.5,8.9,.390,2.6,3.2,.816,0.8,3.1,3.9,10.6,1.2,0.1,3.0,3.9,16.7,,111,115,goldwan01
139,Greg Graham,SG,26,SEA,28,0,197,7.8,21.6,.363,2.4,8.4,.290,5.4,13.2,.408,7.0,10.8,.650,0.5,3.0,3.5,3.0,3.2,0.3,2.7,3.2,25.1,,98,104,grahagr01
140,Brian Grant,PF,24,SAC,24,15,607,7.9,18.0,.440,0.0,0.0,,7.9,18.0,.440,6.1,7.8,.778,4.3,8.1,12.3,2.4,1.7,2.2,3.8,6.5,21.9,,102,106,grantbr01
141,Gary Grant,PG,31,MIA,28,0,365,5.8,16.4,.355,2.1,6.9,.304,3.7,9.5,.391,2.7,3.3,.818,1.2,4.5,5.7,6.7,2.4,0.0,4.0,5.8,16.4,,94,102,grantga01
142,Harvey Grant,PF,31,WSB,78,25,1604,4.2,10.2,.411,0.9,2.9,.315,3.3,7.3,.449,1.0,1.3,.769,2.0,6.3,8.3,2.2,1.5,1.6,1.0,5.4,10.2,,106,105,grantha01
143,Horace Grant,PF,31,ORL,67,67,2496,7.8,15.1,.515,0.0,0.1,.167,7.8,15.0,.518,2.8,3.9,.715,4.5,8.6,13.1,3.5,2.2,1.4,2.2,3.4,18.4,,115,103,grantho01
144,Devin Gray,PF,24,TOT,6,0,49,8.8,28.5,.308,0.0,0.0,,8.8,28.5,.308,2.2,5.5,.400,6.6,8.8,15.4,2.2,4.4,0.0,5.5,12.1,19.8,,70,103,grayde01
144,Devin Gray,PF,24,SAC,3,0,25,6.3,23.2,.273,0.0,0.0,,6.3,23.2,.273,4.2,8.4,.500,6.3,12.7,19.0,4.2,6.3,0.0,0.0,6.3,16.9,,91,95,grayde01
144,Devin Gray,PF,24,SAS,3,0,24,11.5,34.4,.333,0.0,0.0,,11.5,34.4,.333,0.0,2.3,.000,6.9,4.6,11.5,0.0,2.3,0.0,11.5,18.3,22.9,,57,113,grayde01
145,Evric Gray,SF,27,NJN,5,0,42,4.9,18.6,.267,1.2,4.9,.250,3.7,13.6,.273,4.9,4.9,1.000,1.2,2.5,3.7,2.5,1.2,0.0,3.7,6.2,16.1,,83,115,grayev01
146,Jeff Grayer,SG,31,SAC,25,0,316,6.3,13.8,.458,0.7,1.8,.364,5.7,12.0,.472,1.8,3.3,.550,3.5,2.8,6.3,4.2,1.3,1.2,2.5,7.0,15.2,,104,111,grayeje01
147,A.C. Green,PF,33,TOT,83,73,2492,5.0,10.4,.483,0.0,0.4,.050,5.0,9.9,.502,2.7,4.2,.650,4.8,9.3,14.0,1.5,1.5,0.3,1.6,3.1,12.8,,111,107,greenac01
147,A.C. Green,PF,33,PHO,27,19,548,5.7,12.0,.477,0.0,0.3,.000,5.7,11.7,.488,2.9,4.5,.646,3.1,9.9,13.0,1.6,1.7,0.1,1.9,3.2,14.4,,104,107,greenac01
147,A.C. Green,PF,33,DAL,56,54,1944,4.8,9.9,.486,0.0,0.5,.059,4.8,9.4,.507,2.7,4.1,.651,5.2,9.1,14.4,1.4,1.4,0.4,1.5,3.1,12.3,,114,107,greenac01
148,Litterial Green,PG,26,DET,45,0,311,5.5,11.7,.469,0.0,1.8,.000,5.5,9.9,.556,5.5,8.6,.638,1.1,2.9,4.0,7.5,2.9,0.2,2.7,4.9,16.4,,111,105,greenli01
149,Tom Gugliotta,PF,27,MIN,81,81,3131,10.0,22.6,.442,0.4,1.6,.258,9.6,21.1,.456,7.8,9.6,.820,3.2,8.7,11.9,5.7,2.2,1.5,5.0,4.0,28.3,,103,104,guglito01
150,Jack Haley,C,33,NJN,20,0,74,9.1,26.0,.351,0.0,0.0,,9.1,26.0,.351,9.8,13.3,.737,9.1,13.3,22.5,3.5,0.7,0.7,1.4,9.8,28.1,,111,107,haleyja01
151,Darvin Ham,SF,23,TOT,36,3,318,5.4,10.1,.532,0.0,0.0,,5.4,10.1,.532,2.8,5.7,.486,4.7,4.4,9.2,2.3,1.5,1.3,3.6,9.3,13.6,,98,112,hamda01
151,Darvin Ham,SF,23,DEN,35,3,313,5.3,10.1,.525,0.0,0.0,,5.3,10.1,.525,2.7,5.5,.485,4.8,4.5,9.3,2.3,1.3,1.3,3.5,9.5,13.3,,98,112,hamda01
151,Darvin Ham,SF,23,IND,1,0,5,10.8,10.8,1.000,0.0,0.0,,10.8,10.8,1.000,10.8,21.6,.500,0.0,0.0,0.0,0.0,10.8,0.0,10.8,0.0,32.4,,87,91,hamda01
152,Steve Hamer,C,23,BOS,35,3,268,5.6,10.7,.526,0.0,0.4,.000,5.6,10.3,.545,3.0,5.4,.552,3.2,8.0,11.2,1.3,0.4,0.7,2.4,7.3,14.2,,103,113,hamerst01
153,Tom Hammonds,PF,29,DEN,81,8,1758,5.6,11.8,.480,0.0,0.1,.000,5.6,11.7,.482,3.7,5.1,.721,4.0,7.9,11.8,1.9,0.5,0.7,2.6,6.1,15.0,,105,113,hammoto01
154,Darrin Hancock,SF,25,TOT,24,0,133,6.6,14.4,.457,0.0,0.0,,6.6,14.4,.457,4.1,5.8,.714,1.6,5.8,7.4,4.9,3.7,0.4,4.5,6.2,17.3,,95,102,hancoda01
154,Darrin Hancock,SF,25,MIL,9,0,39,2.7,8.2,.333,0.0,0.0,,2.7,8.2,.333,0.0,0.0,,1.4,5.5,6.9,5.5,2.7,0.0,5.5,9.6,5.5,,62,107,hancoda01
154,Darrin Hancock,SF,25,ATL,14,0,86,8.4,17.4,.481,0.0,0.0,,8.4,17.4,.481,5.1,7.7,.667,1.9,6.4,8.4,4.5,4.5,0.6,4.5,3.9,21.9,,100,98,hancoda01
154,Darrin Hancock,SF,25,SAS,1,0,8,6.9,13.7,.500,0.0,0.0,,6.9,13.7,.500,13.7,13.7,1.000,0.0,0.0,0.0,6.9,0.0,0.0,0.0,13.7,27.5,,162,121,hancoda01
155,Anfernee Hardaway,PG,25,ORL,59,59,2221,10.3,23.0,.447,2.1,6.5,.318,8.2,16.5,.499,6.9,8.4,.820,2.0,4.4,6.4,8.1,2.3,0.9,3.5,3.0,29.6,,115,107,hardaan01
156,Tim Hardaway*,PG,30,MIA,81,81,3136,10.0,24.0,.415,3.5,10.2,.344,6.5,13.8,.469,5.0,6.3,.799,0.8,4.0,4.8,12.1,2.6,0.2,4.0,2.9,28.5,,113,102,hardati01
157,Derek Harper,PG,35,DAL,75,29,2210,7.3,16.4,.444,1.5,4.3,.341,5.8,12.1,.480,2.3,3.1,.742,0.7,2.6,3.3,7.8,2.2,0.3,3.2,3.5,18.4,,104,111,harpede01
158,Ron Harper,PG,33,CHI,76,74,1740,5.4,12.4,.436,2.1,5.8,.362,3.3,6.7,.500,1.8,2.5,.707,1.4,4.5,5.9,5.9,2.6,1.2,1.5,4.2,14.7,,120,102,harpero01
159,Othella Harrington,PF,23,HOU,57,1,860,6.8,12.4,.549,0.0,0.2,.000,6.8,12.2,.557,3.0,4.9,.605,4.6,7.5,12.1,1.1,0.7,1.3,3.5,6.8,16.6,,103,105,harriot01
160,Lucious Harris,SG,26,PHI,54,3,813,6.9,18.2,.381,2.2,6.1,.364,4.7,12.1,.390,2.0,2.9,.702,1.7,2.7,4.4,3.1,2.5,0.2,2.1,2.8,18.2,,100,113,harrilu01
161,Antonio Harvey,PF,26,SEA,6,0,26,10.2,22.5,.455,0.0,0.0,,10.2,22.5,.455,10.2,12.3,.833,4.1,16.4,20.4,2.0,0.0,8.2,2.0,16.4,30.7,,118,93,harvean01
162,Hersey Hawkins,SG,30,SEA,82,82,2755,7.1,15.3,.464,2.8,6.8,.403,4.4,8.5,.514,5.0,5.7,.875,1.8,4.4,6.2,4.8,3.1,0.2,2.5,2.8,22.0,,123,104,hawkihe01
163,Michael Hawkins,PG,24,BOS,29,0,326,4.5,10.5,.426,1.5,4.8,.323,2.9,5.7,.514,1.8,2.3,.800,1.4,3.4,4.8,9.8,2.5,0.2,4.3,6.2,12.3,,102,113,hawkimi01
164,Shane Heal,PG,26,MIN,43,0,236,5.8,21.8,.268,4.5,14.6,.308,1.3,7.2,.188,0.7,1.1,.600,0.4,3.6,4.0,7.4,0.7,0.7,3.8,4.5,16.8,,82,112,healsh01
165,Alan Henderson,PF,24,ATL,30,0,501,8.5,17.9,.475,0.0,0.0,,8.5,17.9,.475,5.0,8.3,.600,5.2,7.6,12.8,2.5,2.3,0.7,3.2,8.1,22.0,,105,101,hendeal01
166,Mark Hendrickson,PF,22,PHI,29,1,301,5.4,12.9,.416,0.5,2.0,.250,4.9,10.9,.446,3.0,4.4,.692,5.9,9.5,15.4,0.5,1.7,0.7,2.3,5.4,14.2,,103,109,hendrma01
167,Carl Herrera,PF,30,SAS,75,58,1837,7.7,17.7,.433,0.1,0.2,.333,7.6,17.6,.434,2.4,3.5,.686,3.5,6.6,10.2,1.5,1.9,1.6,2.8,6.5,17.9,,94,111,herreca01
168,Grant Hill*,SF,24,DET,80,80,3147,11.3,22.7,.496,0.2,0.6,.303,11.1,22.1,.502,8.1,11.4,.711,2.2,10.8,13.0,10.5,2.6,0.9,4.7,3.4,30.9,,114,100,hillgr01
169,Tyrone Hill,C,28,CLE,74,70,2582,8.0,13.3,.600,0.0,0.0,.000,8.0,13.3,.601,5.4,8.5,.633,5.8,10.7,16.5,2.1,1.4,0.7,3.3,6.0,21.4,,117,101,hillty01
170,Fred Hoiberg,SG,24,IND,47,0,572,6.3,14.7,.429,2.7,6.6,.414,3.6,8.1,.442,5.8,7.3,.792,1.2,6.4,7.6,3.9,2.5,0.6,2.1,4.8,21.1,,120,103,hoibefr01
171,Jeff Hornacek,SG,33,UTA,82,82,2592,8.5,17.6,.482,1.5,4.0,.369,7.0,13.6,.516,6.0,6.7,.899,1.2,3.7,5.0,7.4,2.6,0.5,2.8,3.9,24.5,,121,106,hornaje01
172,Robert Horry,SF,26,TOT,54,29,1395,5.9,13.4,.436,1.8,5.7,.318,4.0,7.7,.524,2.2,3.4,.667,2.5,6.3,8.8,4.1,2.5,2.1,2.7,5.7,15.8,,106,104,horryro01
172,Robert Horry,SF,26,PHO,32,15,719,5.9,14.0,.421,1.7,5.6,.308,4.2,8.4,.496,2.3,3.6,.640,2.9,5.7,8.5,3.9,2.0,1.9,3.3,5.8,15.8,,98,107,horryro01
172,Robert Horry,SF,26,LAL,22,14,676,5.8,12.9,.455,1.9,5.9,.329,3.9,6.9,.562,2.2,3.1,.700,2.2,7.0,9.2,4.4,3.0,2.3,2.0,5.6,15.8,,115,100,horryro01
173,Allan Houston,SG,25,NYK,81,81,2681,8.6,20.4,.423,2.9,7.6,.385,5.7,12.8,.446,3.5,4.3,.803,0.9,3.9,4.7,3.5,0.8,0.4,3.3,4.6,23.7,,103,105,houstal01
174,Juwan Howard,SF,23,WSB,82,82,3324,10.0,20.5,.486,0.0,0.0,.000,10.0,20.5,.487,4.6,6.1,.756,3.2,7.0,10.2,4.9,1.5,0.4,3.8,4.0,24.5,,105,106,howarju01
175,Stephen Howard,SF,26,TOT,49,0,418,7.9,13.8,.574,0.0,0.0,,7.9,13.8,.574,6.7,10.4,.642,3.7,7.2,10.9,1.4,2.4,1.5,3.2,7.9,22.6,,113,103,howarst01
175,Stephen Howard,SF,26,SAS,7,0,69,5.6,9.6,.583,0.0,0.0,,5.6,9.6,.583,9.6,11.2,.857,3.2,4.0,7.2,0.8,6.4,1.6,4.0,5.6,20.7,,121,104,howarst01
175,Stephen Howard,SF,26,UTA,42,0,349,8.4,14.7,.573,0.0,0.0,,8.4,14.7,.573,6.1,10.2,.597,3.8,7.8,11.6,1.5,1.7,1.5,3.1,8.4,22.9,,112,103,howarst01
176,Lindsey Hunter,PG,26,DET,82,76,3023,7.9,19.6,.404,3.1,8.8,.355,4.8,10.8,.444,3.0,3.8,.778,1.1,3.3,4.4,2.9,2.4,0.5,1.8,3.9,21.9,,107,106,hunteli01
177,Bobby Hurley,PG,25,SAC,49,12,632,3.8,10.4,.368,1.2,3.8,.311,2.7,6.7,.400,3.1,4.4,.698,0.8,2.4,3.2,12.2,2.3,0.3,4.6,4.4,11.9,,99,111,hurlebo01
178,Allen Iverson*,PG,21,PHI,76,74,3045,10.3,24.9,.416,2.6,7.5,.341,7.8,17.4,.448,6.3,9.0,.702,1.9,3.3,5.2,9.4,2.6,0.4,5.6,3.9,29.6,,104,112,iversal01
179,Jaren Jackson,SG,29,WSB,75,0,1133,6.1,15.1,.407,2.4,7.2,.335,3.7,7.8,.474,2.4,3.2,.768,1.4,4.6,6.1,3.0,2.1,0.7,2.8,6.0,17.2,,101,106,jacksja01
180,Jim Jackson,SG-SF,26,TOT,77,77,2831,8.3,19.3,.431,1.6,4.6,.348,6.7,14.7,.458,4.7,5.8,.813,2.5,5.2,7.7,5.9,1.6,0.6,3.9,3.6,23.0,,106,111,jacksji01
180,Jim Jackson,SG,26,DAL,46,46,1676,8.4,18.9,.442,1.5,4.5,.331,6.9,14.4,.477,4.8,6.0,.787,2.6,4.7,7.3,5.0,1.8,0.5,3.4,3.6,23.0,,106,110,jacksji01
180,Jim Jackson,SF,26,NJN,31,31,1155,8.3,19.8,.417,1.8,4.9,.370,6.5,15.0,.432,4.7,5.5,.852,2.3,6.0,8.3,7.2,1.3,0.8,4.5,3.6,23.0,,105,111,jacksji01
181,Mark Jackson,PG,31,TOT,82,82,3054,5.0,11.7,.426,1.1,3.1,.371,3.8,8.6,.445,2.9,3.7,.789,1.6,5.2,6.8,16.1,1.7,0.2,4.7,2.8,14.0,,111,111,jacksma01
181,Mark Jackson,PG,31,DEN,52,52,2001,5.0,11.7,.425,1.2,3.1,.397,3.7,8.6,.435,2.8,3.5,.801,1.8,5.2,7.0,16.6,1.3,0.2,4.5,2.7,14.0,,114,113,jacksma01
181,Mark Jackson,PG,31,IND,30,30,1053,5.0,11.6,.427,0.9,2.9,.316,4.0,8.7,.465,3.0,3.9,.766,1.0,5.3,6.4,15.1,2.4,0.2,5.2,2.9,13.9,,105,105,jacksma01
182,Henry James,PF,31,ATL,53,15,945,7.3,17.9,.408,4.4,10.6,.420,2.9,7.3,.392,1.8,2.1,.833,1.6,3.2,4.7,1.2,0.6,0.1,1.7,5.7,20.8,,113,109,jameshe01
183,Chris Jent,SF,27,NYK,3,0,10,10.6,31.8,.333,10.6,15.9,.667,0.0,15.9,.000,0.0,0.0,,5.3,0.0,5.3,5.3,0.0,0.0,0.0,10.6,31.8,,120,110,jentch01
184,Avery Johnson,PG,31,SAS,76,76,2472,7.3,15.2,.477,0.1,0.6,.231,7.1,14.7,.487,3.1,4.5,.690,0.7,2.6,3.3,11.4,2.1,0.3,3.2,3.5,17.8,,110,115,johnsav01
185,Eddie Johnson,SF,37,TOT,52,2,913,9.3,21.0,.442,2.8,7.6,.374,6.4,13.4,.481,3.2,3.9,.809,1.6,6.4,8.0,3.0,0.9,0.1,2.7,4.7,24.6,,106,107,johnsed03
185,Eddie Johnson,SF,37,IND,28,0,306,10.4,24.0,.434,1.6,4.9,.321,8.8,19.0,.463,3.5,4.8,.741,0.5,6.5,7.1,3.0,0.9,0.2,3.0,5.8,25.9,,98,107,johnsed03
185,Eddie Johnson,SF,37,HOU,24,2,607,8.7,19.5,.447,3.5,8.9,.388,5.3,10.6,.496,3.0,3.5,.854,2.1,6.4,8.5,3.0,0.9,0.1,2.6,4.1,23.9,,111,107,johnsed03
186,Ervin Johnson,C,29,DEN,82,82,2599,4.9,9.3,.520,0.0,0.0,.000,4.9,9.3,.523,1.9,3.1,.615,4.6,13.6,18.2,1.4,1.3,4.5,2.4,5.8,11.6,,106,103,johnser02
187,Kevin Johnson,PG,30,PHO,70,70,2658,8.5,17.2,.496,1.7,3.9,.441,6.8,13.3,.512,8.5,10.0,.852,1.0,3.9,4.9,12.7,2.0,0.2,4.2,2.7,27.3,,124,111,johnske02
188,Larry Johnson,SF,27,NYK,76,76,2613,7.6,14.9,.512,0.7,2.1,.324,6.9,12.8,.543,3.9,5.6,.693,3.3,4.6,8.0,3.5,1.3,0.7,2.8,5.1,19.8,,113,104,johnsla02
189,Charles Jones,PF,39,HOU,12,0,93,1.1,2.8,.400,0.0,0.0,,1.1,2.8,.400,0.0,0.0,,2.8,4.5,7.3,1.7,1.1,2.3,0.0,4.5,2.3,,136,106,jonesch01
190,Eddie Jones,SG,25,LAL,80,80,2998,8.3,19.0,.438,2.7,6.8,.391,5.6,12.2,.464,4.8,5.9,.819,1.6,4.1,5.7,4.7,3.3,0.9,3.0,4.0,24.1,,113,103,jonesed02
191,Popeye Jones,PF,26,TOR,79,61,2421,5.6,11.8,.480,0.0,0.3,.077,5.6,11.5,.490,2.2,2.6,.818,5.9,9.0,14.9,1.8,1.3,0.9,2.5,5.9,13.5,,108,108,jonespo01
192,Michael Jordan*,SG,33,CHI,82,82,3106,15.8,32.5,.486,1.9,5.1,.374,13.9,27.4,.507,8.2,9.9,.833,1.9,6.3,8.3,6.0,2.4,0.8,2.9,2.7,41.8,,121,102,jordami01
193,Reggie Jordan,SG,29,TOT,19,0,130,6.5,10.6,.615,0.0,0.0,,6.5,10.6,.615,3.3,6.9,.471,4.5,6.5,11.0,4.9,2.8,1.2,3.3,6.1,16.3,,111,102,jordare01
193,Reggie Jordan,SG,29,POR,9,0,99,4.3,8.5,.500,0.0,0.0,,4.3,8.5,.500,2.1,5.3,.400,5.9,6.4,12.3,5.9,2.7,1.6,3.2,6.9,10.7,,106,101,jordare01
193,Reggie Jordan,SG,29,MIN,10,0,31,13.7,17.1,.800,0.0,0.0,,13.7,17.1,.800,6.8,12.0,.571,0.0,6.8,6.8,1.7,3.4,0.0,3.4,3.4,34.1,,124,104,jordare01
194,Adam Keefe,C,26,UTA,62,0,915,4.8,9.3,.513,0.0,0.1,.000,4.8,9.3,.516,4.1,6.0,.689,4.4,8.2,12.6,1.9,1.7,0.8,2.6,5.7,13.7,,111,104,keefead01
195,Shawn Kemp,PF,27,SEA,81,75,2750,10.2,19.9,.510,0.2,0.6,.364,9.9,19.3,.515,8.7,11.8,.742,5.3,10.3,15.6,3.0,2.4,1.6,5.4,6.2,29.3,,109,99,kempsh01
196,Tim Kempton,PF,33,SAS,10,0,59,0.9,4.7,.200,0.0,0.0,,0.9,4.7,.200,1.9,1.9,1.000,2.8,4.7,7.5,1.9,0.9,0.9,6.5,3.7,3.7,,49,116,kemptti01
197,Steve Kerr,PG,31,CHI,82,0,1861,7.1,13.4,.533,3.2,6.8,.464,4.0,6.6,.604,1.5,1.9,.806,0.8,2.9,3.7,5.0,1.9,0.1,1.2,2.8,19.0,,137,106,kerrst01
198,Jerome Kersey,SF,34,LAL,70,44,1766,5.8,13.4,.432,0.5,1.9,.262,5.3,11.5,.461,2.1,3.5,.602,3.3,7.5,10.8,2.7,3.5,1.5,2.2,6.5,14.2,,101,99,kerseje01
199,Jason Kidd*,PG,23,TOT,55,45,1964,5.7,14.1,.403,1.6,4.4,.370,4.1,9.7,.418,3.0,4.4,.679,1.7,4.9,6.6,13.2,3.3,0.5,3.8,3.0,16.0,,108,107,kiddja01
199,Jason Kidd*,PG,23,DAL,22,22,791,5.1,13.8,.369,1.4,4.4,.323,3.7,9.4,.391,3.1,4.7,.667,2.0,4.1,6.1,13.6,3.1,0.5,4.5,2.9,14.8,,102,108,kiddja01
199,Jason Kidd*,PG,23,PHO,33,23,1173,6.1,14.3,.423,1.8,4.4,.400,4.3,9.9,.434,2.9,4.2,.688,1.5,5.5,7.0,13.0,3.5,0.5,3.3,3.2,16.8,,113,106,kiddja01
200,Frankie King,SG,24,PHI,7,0,59,6.0,14.5,.412,0.9,1.7,.500,5.1,12.8,.400,4.3,4.3,1.000,3.4,8.5,12.0,4.3,3.4,0.0,2.6,6.0,17.1,,112,107,kingfr01
201,Jimmy King,SG,23,DEN,2,0,22,4.7,14.2,.333,0.0,0.0,,4.7,14.2,.333,4.7,9.4,.500,4.7,0.0,4.7,4.7,7.1,0.0,2.4,4.7,14.2,,93,105,kingji02
202,Stacey King,C,30,TOT,11,0,103,5.6,11.2,.500,0.0,0.0,,5.6,11.2,.500,1.0,3.6,.286,5.6,8.2,13.8,0.5,1.0,0.5,3.1,7.2,12.3,,90,110,kingst01
202,Stacey King,C,30,BOS,5,0,33,7.6,10.6,.714,0.0,0.0,,7.6,10.6,.714,3.0,4.6,.667,1.5,12.2,13.7,1.5,0.0,1.5,1.5,4.6,18.2,,132,111,kingst01
202,Stacey King,C,30,DAL,6,0,70,4.6,11.6,.400,0.0,0.0,,4.6,11.6,.400,0.0,3.1,.000,7.7,6.2,13.9,0.0,1.5,0.0,3.9,8.5,9.2,,75,110,kingst01
203,Kerry Kittles,SG,22,NJN,82,57,3012,8.7,20.5,.426,2.7,7.2,.377,6.0,13.3,.453,3.0,3.9,.771,1.8,3.7,5.5,4.3,2.7,0.6,2.2,2.8,23.2,,113,110,kittlke01
204,Joe Kleine,C,35,TOT,59,10,848,4.2,10.4,.406,0.1,0.2,.667,4.1,10.2,.401,1.7,2.3,.737,3.8,8.6,12.4,2.1,1.0,1.1,2.5,6.7,10.3,,94,109,kleinjo01
204,Joe Kleine,C,35,PHO,23,10,365,4.5,11.3,.400,0.1,0.1,1.000,4.4,11.1,.392,1.8,2.5,.722,3.0,8.3,11.3,1.7,1.3,0.8,2.8,6.6,11.0,,88,108,kleinjo01
204,Joe Kleine,C,35,LAL,8,0,30,3.5,14.0,.250,0.0,0.0,,3.5,14.0,.250,3.5,3.5,1.000,3.5,12.3,15.8,0.0,0.0,0.0,0.0,10.5,10.5,,92,104,kleinjo01
204,Joe Kleine,C,35,NJN,28,0,453,4.0,9.4,.427,0.1,0.2,.500,3.9,9.2,.425,1.5,2.1,.722,4.5,8.6,13.1,2.6,0.9,1.4,2.4,6.5,9.6,,100,110,kleinjo01
205,Travis Knight,C,22,LAL,71,14,1156,6.4,12.5,.509,0.0,0.0,,6.4,12.5,.509,2.8,4.6,.620,5.9,8.6,14.5,1.8,1.4,2.6,2.2,7.7,15.6,,112,102,knightr01
206,Larry Krystkowiak,PF,32,LAL,3,0,11,4.8,9.6,.500,0.0,0.0,,4.8,9.6,.500,4.8,9.6,.500,9.6,14.4,23.9,14.4,9.6,0.0,4.8,14.4,14.4,,118,82,krystla01
207,Toni Kukoč*,SF,28,CHI,57,15,1610,9.4,20.0,.471,1.7,5.0,.331,7.8,15.0,.518,4.4,5.8,.770,3.1,5.5,8.6,8.5,2.0,1.0,3.0,3.2,25.0,,119,103,kukocto01
208,Christian Laettner,PF,27,ATL,82,82,3140,9.6,19.9,.486,0.5,1.5,.352,9.1,18.3,.497,6.3,7.7,.816,3.7,8.9,12.7,3.9,1.8,1.1,3.8,4.9,26.2,,112,101,laettch01
209,Andrew Lang,C,30,MIL,52,52,1194,5.2,11.1,.464,0.0,0.0,,5.2,11.1,.464,2.0,2.7,.721,4.2,8.3,12.5,1.1,1.2,2.1,1.8,6.3,12.3,,106,107,langan01
210,Antonio Lang,PF,24,CLE,64,1,843,4.7,11.1,.420,0.0,0.4,.000,4.7,10.7,.436,2.4,3.3,.729,3.6,5.2,8.7,2.3,2.3,2.1,3.4,7.6,11.7,,90,101,langan02
211,Priest Lauderdale,C,23,ATL,35,0,180,15.1,27.3,.551,0.0,0.3,.000,15.1,27.0,.557,4.0,7.1,.565,4.9,8.3,13.2,3.7,0.3,2.8,11.4,12.0,34.1,,86,103,laudepr01
212,Eric Leckner,C,30,TOT,20,1,126,6.0,14.2,.424,0.0,0.0,,6.0,14.2,.424,2.6,5.2,.500,2.2,13.4,15.5,2.2,1.3,0.9,4.3,15.1,14.6,,79,106,leckner01
212,Eric Leckner,C,30,CHH,1,0,11,0.0,14.8,.000,0.0,0.0,,0.0,14.8,.000,0.0,0.0,,0.0,4.9,4.9,4.9,0.0,0.0,0.0,14.8,0.0,,23,114,leckner01
212,Eric Leckner,C,30,VAN,19,1,115,6.6,14.2,.467,0.0,0.0,,6.6,14.2,.467,2.8,5.7,.500,2.4,14.2,16.5,1.9,1.4,0.9,4.7,15.1,16.0,,82,105,leckner01
213,Tim Legler,SG,30,WSB,15,0,182,4.3,13.7,.313,2.3,8.3,.276,2.0,5.4,.368,1.7,2.0,.857,0.0,6.0,6.0,2.0,0.9,1.4,2.6,6.0,12.6,,83,107,legleti01
214,Voshon Lenard,SG,23,MIA,73,47,2111,8.1,17.6,.459,4.7,11.4,.414,3.4,6.2,.541,2.2,2.7,.819,1.0,4.6,5.6,4.1,1.3,0.5,2.8,4.3,23.1,,116,104,lenarvo01
215,Martin Lewis,SF,21,TOR,9,0,50,6.4,14.8,.429,1.1,3.2,.333,5.3,11.7,.455,1.1,2.1,.500,4.2,2.1,6.4,4.2,1.1,2.1,1.1,8.5,14.8,,113,112,lewisma01
216,Alton Lister,C,38,BOS,53,2,516,3.1,7.5,.416,0.0,0.0,,3.1,7.5,.416,2.2,3.0,.742,6.4,9.9,16.3,1.3,0.8,1.4,2.9,9.2,8.5,,98,110,listeal01
217,Randy Livingston,PG,21,HOU,64,0,981,5.3,12.2,.437,0.5,1.2,.409,4.9,11.1,.440,2.2,3.5,.646,1.7,3.3,5.0,8.3,2.1,0.6,5.4,5.7,13.4,,91,106,livinra01
218,Horacio Llamas,C,23,PHO,20,2,101,7.6,14.3,.536,0.0,0.0,,7.6,14.3,.536,2.0,4.1,.500,2.0,7.1,9.2,2.0,5.1,2.5,5.6,12.7,17.3,,84,99,llamaho01
219,Brad Lohaus,PF,32,TOR,6,0,45,4.7,17.7,.267,2.4,8.2,.286,2.4,9.4,.250,0.0,0.0,,1.2,7.1,8.2,1.2,1.2,0.0,1.2,7.1,11.8,,78,110,lohaubr01
220,Grant Long,PF,30,DET,65,24,1166,6.0,13.4,.447,0.8,2.3,.362,5.2,11.1,.465,3.1,4.1,.750,4.3,6.5,10.8,1.9,2.1,0.3,2.3,5.2,15.9,,108,104,longgr01
221,John Long,SG,40,TOR,32,0,370,6.6,16.8,.393,1.7,4.9,.353,4.9,11.9,.410,3.6,4.0,.893,0.9,4.9,5.7,3.0,1.3,0.3,3.4,4.0,18.5,,97,111,longjo01
222,Luc Longley,C,28,CHI,59,59,1472,8.0,17.6,.456,0.0,0.1,.000,8.0,17.5,.458,3.4,4.3,.792,4.4,7.6,12.0,5.1,0.8,2.4,4.0,6.9,19.5,,103,102,longllu01
223,George Lynch,SF,26,VAN,41,27,1059,7.0,14.9,.471,0.4,1.6,.258,6.6,13.3,.496,3.1,5.0,.619,5.0,8.4,13.4,3.9,3.2,0.9,3.3,5.0,17.5,,102,107,lynchge01
224,Sam Mack,SF,26,HOU,52,10,904,6.1,15.2,.401,2.7,8.2,.331,3.4,7.0,.483,2.0,2.4,.833,1.2,5.0,6.1,3.4,1.7,0.3,2.4,3.9,16.9,,103,106,macksa01
225,Don MacLean,SF,27,PHI,37,2,733,11.2,25.1,.447,0.8,2.6,.316,10.4,22.5,.462,4.4,6.7,.660,2.8,6.8,9.6,2.5,0.8,0.7,3.2,4.9,27.6,,101,113,macledo01
226,Rick Mahorn,C,38,DET,22,7,218,5.2,14.1,.370,0.0,0.3,.000,5.2,13.8,.377,4.2,5.7,.727,4.9,8.9,13.8,1.6,1.0,0.8,2.6,8.9,14.6,,96,104,mahorri01
227,Dan Majerle,SF,31,MIA,36,26,1264,6.1,14.9,.406,2.9,8.6,.338,3.1,6.3,.500,1.7,2.5,.678,1.9,5.0,7.0,5.0,2.3,0.6,2.2,3.2,16.8,,110,101,majerda01
228,Karl Malone*,PF,33,UTA,82,82,2998,15.4,27.9,.550,0.0,0.2,.000,15.4,27.7,.555,9.3,12.3,.755,3.4,11.0,14.4,6.5,2.0,0.9,4.1,3.9,40.0,,118,101,malonka01
229,Matt Maloney,PG,25,HOU,82,82,2386,6.0,13.5,.441,3.4,8.4,.404,2.6,5.1,.500,1.6,2.0,.763,0.4,3.1,3.5,6.7,1.8,0.0,2.7,2.7,16.8,,113,108,malonma01
230,Danny Manning,PF,30,PHO,77,17,2134,10.3,19.2,.536,0.2,0.9,.194,10.1,18.3,.552,4.4,6.1,.721,3.3,8.0,11.3,4.2,2.0,1.8,3.9,6.5,25.1,,108,106,mannida01
231,Rich Manning,PF,26,TOT,26,2,201,8.5,21.9,.390,0.5,1.1,.500,8.0,20.8,.385,2.4,3.7,.643,4.3,6.1,10.4,0.8,1.1,0.5,1.9,7.7,20.0,,92,112,manniri01
231,Rich Manning,PF,26,VAN,16,1,128,7.6,20.4,.375,0.8,1.3,.667,6.8,19.1,.356,2.5,3.4,.750,3.4,6.4,9.8,0.8,1.3,0.4,2.1,7.6,18.7,,90,113,manniri01
231,Rich Manning,PF,26,LAC,10,1,73,10.1,24.5,.412,0.0,0.7,.000,10.1,23.8,.424,2.2,4.3,.500,5.8,5.8,11.5,0.7,0.7,0.7,1.4,7.9,22.3,,96,111,manniri01
232,Stephon Marbury,PG,19,MIN,67,64,2324,8.1,19.8,.408,2.3,6.6,.354,5.8,13.3,.434,5.6,7.7,.727,1.2,3.0,4.2,11.9,1.5,0.4,4.8,3.6,24.1,,105,111,marbust01
233,Šarūnas Marčiulionis*,SG,32,DEN,17,0,255,7.7,20.6,.376,2.2,6.1,.367,5.5,14.5,.380,5.9,7.3,.806,2.4,3.7,6.1,5.1,2.4,0.2,8.1,7.7,23.6,,85,112,marcisa01
234,Donny Marshall,SF,24,CLE,56,0,548,5.5,16.9,.325,3.5,9.2,.379,2.0,7.7,.260,4.0,5.7,.704,2.3,5.1,7.4,2.5,2.5,0.3,3.4,6.3,18.5,,94,102,marshdo02
235,Donyell Marshall,SF,23,GSW,61,20,1022,8.9,21.5,.413,1.8,5.7,.315,7.1,15.8,.448,3.1,5.0,.622,4.7,9.4,14.1,2.8,1.3,2.4,2.8,4.9,22.7,,102,109,marshdo01
236,Cuonzo Martin,SG,25,MIL,3,0,13,0.0,28.9,.000,0.0,8.2,.000,0.0,20.6,.000,0.0,0.0,,4.1,0.0,4.1,4.1,0.0,0.0,4.1,4.1,0.0,,17,117,marticu01
237,Darrick Martin,PG,25,LAC,82,64,1820,8.4,20.7,.407,2.6,6.8,.389,5.8,14.0,.415,6.3,7.2,.872,0.8,2.5,3.3,9.8,1.6,0.1,3.7,4.8,25.8,,113,112,martida01
238,Jamal Mashburn,SF,24,TOT,69,51,2164,7.2,18.6,.385,2.3,6.9,.325,4.9,11.7,.421,4.0,5.7,.702,1.7,5.6,7.4,5.1,2.0,0.3,2.9,4.7,20.6,,102,105,mashbja01
238,Jamal Mashburn,SF,24,DAL,37,21,975,7.7,20.8,.372,2.3,7.2,.321,5.4,13.5,.400,4.0,6.1,.649,1.5,4.8,6.4,5.1,1.9,0.3,3.2,3.8,21.8,,97,110,mashbja01
238,Jamal Mashburn,SF,24,MIA,32,30,1189,6.7,16.8,.398,2.2,6.7,.329,4.5,10.1,.443,4.0,5.4,.752,1.9,6.3,8.2,5.1,2.0,0.3,2.6,5.4,19.6,,107,101,mashbja01
239,Anthony Mason,PF,30,CHH,73,73,3143,7.5,14.2,.525,0.0,0.1,.333,7.4,14.2,.526,5.5,7.4,.745,3.2,11.1,14.3,7.1,1.3,0.6,2.8,3.5,20.5,,121,106,masonan01
240,Tony Massenburg,PF,29,NJN,79,49,1954,5.8,12.0,.485,0.0,0.0,.000,5.8,12.0,.486,3.5,5.5,.631,5.9,7.8,13.7,0.6,1.0,1.3,2.4,5.8,15.1,,107,110,masseto01
241,Vernon Maxwell,SG,31,SAS,72,31,2068,9.0,24.1,.375,3.1,9.9,.309,6.0,14.2,.421,3.6,4.8,.744,0.7,3.5,4.2,4.1,2.3,0.5,3.2,4.5,24.7,,97,114,maxweve01
242,Lee Mayberry,PG,26,VAN,80,38,1952,4.1,10.3,.403,2.3,6.1,.376,1.8,4.1,.443,0.8,1.3,.630,0.8,2.9,3.7,9.1,1.7,0.2,2.5,4.4,11.4,,109,115,maybele01
243,Walter McCarty,PF,22,NYK,35,0,192,7.2,18.8,.382,1.1,3.9,.286,6.1,14.9,.407,2.2,3.9,.571,2.2,4.1,6.4,3.6,1.9,2.5,4.7,10.5,17.7,,83,100,mccarwa01
244,Amal McCaskill,C,23,ORL,17,1,109,5.0,16.0,.313,0.0,1.0,.000,5.0,15.0,.333,4.0,6.0,.667,2.0,9.0,11.0,3.5,1.5,2.5,5.5,3.5,14.0,,72,104,mccasam01
245,George McCloud,SF,29,TOT,64,28,1493,8.6,20.8,.412,3.6,9.1,.390,5.0,11.6,.429,3.0,3.6,.822,1.3,5.1,6.4,3.9,2.2,0.3,2.2,4.5,23.7,,109,108,mccloge01
245,George McCloud,SF,29,DAL,41,26,1207,9.1,21.5,.423,3.5,9.2,.380,5.6,12.4,.455,3.4,4.1,.837,1.3,5.1,6.4,4.1,2.3,0.4,2.3,4.7,25.1,,110,109,mccloge01
245,George McCloud,SF,29,LAL,23,2,286,6.3,17.7,.354,3.9,9.0,.429,2.4,8.7,.277,1.1,1.7,.667,1.3,5.3,6.6,3.1,1.7,0.0,1.7,3.7,17.5,,102,107,mccloge01
246,Xavier McDaniel,PF,33,NJN,62,5,1170,6.1,15.8,.389,0.2,1.1,.200,5.9,14.7,.403,2.9,4.0,.730,5.5,8.6,14.1,2.9,1.6,0.8,3.1,6.4,15.4,,97,109,mcdanxa01
247,Antonio McDyess,PF,22,DEN,74,73,2565,10.9,23.4,.463,0.1,0.7,.171,10.7,22.7,.472,5.5,7.8,.708,3.1,7.7,10.9,2.1,1.3,2.6,4.0,5.6,27.4,,98,109,mcdyean01
248,Jim McIlvaine,C,24,SEA,82,79,1477,4.7,9.9,.471,0.0,0.3,.143,4.6,9.7,.480,1.9,3.9,.495,4.7,7.1,11.9,0.8,1.4,5.9,2.2,8.9,11.3,,100,99,mcilvji01
249,Jeff McInnis,PG,22,DEN,13,0,117,10.2,21.8,.469,5.3,11.5,.462,4.9,10.2,.478,3.1,4.4,.700,0.9,1.8,2.7,8.0,0.9,0.4,5.8,7.1,28.9,,107,116,mcinnje01
250,Derrick McKey,SF,30,IND,50,49,1449,5.5,14.1,.391,0.6,2.2,.259,5.0,11.9,.414,3.3,4.6,.724,3.0,6.0,9.0,5.0,1.7,1.1,3.1,5.2,14.9,,98,105,mckeyde01
251,Aaron McKie,SG,24,TOT,83,11,1625,5.1,12.3,.411,1.4,3.5,.398,3.7,8.8,.416,3.1,3.7,.836,1.3,6.1,7.5,5.4,2.6,0.7,3.0,4.4,14.6,,105,103,mckieaa01
251,Aaron McKie,SG,24,POR,41,8,775,3.6,10.6,.340,1.6,3.7,.418,2.0,6.9,.297,2.8,3.3,.837,0.9,5.4,6.3,5.7,2.3,1.0,3.3,4.2,11.6,,97,103,mckieaa01
251,Aaron McKie,SG,24,DET,42,3,850,6.5,14.0,.464,1.2,3.2,.375,5.3,10.8,.491,3.4,4.1,.836,1.8,6.7,8.6,5.1,2.9,0.5,2.8,4.6,17.6,,111,102,mckieaa01
252,Nate McMillan,PG,32,SEA,37,2,798,4.1,9.9,.409,1.9,5.6,.333,2.2,4.3,.508,1.3,1.9,.655,1.0,6.9,7.9,9.3,3.9,0.4,2.1,5.2,11.3,,117,100,mcmilna01
253,Loren Meyer,PF,24,TOT,54,33,708,8.0,18.0,.443,0.3,0.5,.571,7.7,17.5,.439,3.4,4.7,.719,3.9,6.8,10.7,1.4,0.8,1.1,4.6,9.2,19.7,,90,110,meyerlo01
253,Loren Meyer,PF,24,DAL,19,16,259,7.1,16.2,.436,0.2,0.4,.500,6.9,15.8,.434,1.9,2.5,.750,2.9,7.3,10.2,1.5,1.2,0.6,5.6,10.8,16.2,,79,109,meyerlo01
253,Loren Meyer,PF,24,PHO,35,17,449,8.5,19.0,.446,0.3,0.6,.600,8.1,18.5,.441,4.2,6.0,.712,4.5,6.5,11.0,1.4,0.6,1.4,4.0,8.4,21.6,,95,110,meyerlo01
254,Anthony Miller,PF,25,ATL,1,0,14,0.0,19.7,.000,0.0,0.0,,0.0,19.7,.000,0.0,0.0,,7.9,19.7,27.6,0.0,0.0,0.0,0.0,7.9,0.0,,30,97,millean01
255,Oliver Miller,C,26,TOT,61,8,1152,5.7,11.1,.517,0.0,0.1,.000,5.7,11.0,.521,2.2,3.7,.608,4.9,9.4,14.3,4.1,2.2,2.9,4.2,8.4,13.7,,99,103,milleol01
255,Oliver Miller,C,26,DAL,42,0,836,4.9,9.9,.494,0.0,0.1,.000,4.9,9.9,.497,1.8,3.4,.528,5.3,9.7,15.0,3.7,2.2,3.2,4.5,8.6,11.6,,92,102,milleol01
255,Oliver Miller,C,26,TOR,19,8,316,7.9,14.1,.560,0.0,0.2,.000,7.9,13.9,.566,3.4,4.4,.769,3.9,8.4,12.2,4.9,2.2,2.2,3.4,8.0,19.1,,115,105,milleol01
256,Reggie Miller*,SG,31,IND,81,81,2966,10.0,22.6,.444,4.2,9.7,.427,5.9,12.9,.456,7.6,8.6,.880,1.0,4.2,5.2,5.0,1.4,0.5,3.0,3.1,31.8,,121,108,millere01
257,Chris Mills,SF,27,CLE,80,79,3167,7.4,16.3,.453,1.6,4.0,.391,5.8,12.3,.473,3.2,3.8,.842,2.2,6.9,9.1,3.6,1.6,0.7,2.2,4.1,19.6,,111,103,millsch01
258,Terry Mills,PF,29,DET,79,5,1997,8.9,20.0,.444,5.0,11.8,.422,3.9,8.2,.477,1.6,2.0,.829,1.9,8.8,10.7,2.8,1.0,0.8,2.4,4.6,24.4,,114,105,millste01
259,Greg Minor,SF,25,BOS,23,15,547,8.6,18.0,.480,0.1,0.7,.125,8.5,17.2,.495,2.8,3.3,.861,2.7,4.6,7.3,3.1,1.4,0.2,2.0,4.1,20.2,,108,114,minorgr01
260,Sam Mitchell,SF,33,MIN,82,5,2044,7.0,15.6,.446,0.1,0.6,.160,6.9,15.0,.458,5.8,7.6,.759,2.9,5.5,8.4,2.0,1.3,0.5,2.4,6.0,19.8,,106,109,mitchsa01
261,Eric Mobley,C,26,VAN,28,8,307,4.9,11.1,.444,0.0,0.0,,4.9,11.1,.444,2.8,5.3,.533,5.3,4.9,10.3,2.5,0.9,1.8,5.1,7.8,12.7,,84,114,mobleer01
262,Eric Montross,C,25,TOT,78,77,1828,4.6,10.1,.456,0.0,0.0,,4.6,10.1,.456,0.6,1.8,.339,5.2,9.8,15.0,1.8,0.6,2.1,2.2,7.8,9.8,,96,108,montrer01
262,Eric Montross,C,25,DAL,47,46,984,4.7,10.2,.460,0.0,0.0,,4.7,10.2,.460,0.5,1.9,.294,3.6,9.3,12.9,1.8,0.5,1.9,2.8,8.2,10.0,,87,108,montrer01
262,Eric Montross,C,25,NJN,31,31,844,4.5,10.0,.451,0.0,0.0,,4.5,10.0,.451,0.7,1.7,.393,7.1,10.3,17.4,1.8,0.7,2.4,1.6,7.3,9.7,,107,108,montrer01
263,Tracy Moore,SG,31,HOU,27,1,237,7.3,18.8,.388,2.4,9.5,.256,4.9,9.3,.524,4.9,6.9,.710,2.4,3.3,5.7,4.4,1.1,0.0,3.1,4.2,21.9,,103,109,mooretr01
264,Chris Morris,SF,31,UTA,73,1,977,6.7,16.3,.408,1.7,6.2,.274,5.0,10.1,.489,2.1,2.9,.722,2.0,6.8,8.8,2.3,1.6,1.3,2.5,6.6,17.1,,97,104,morrich01
265,Lawrence Moten,SG,24,VAN,67,18,1214,7.6,19.7,.388,1.8,6.3,.291,5.8,13.4,.433,2.9,4.4,.646,1.9,3.4,5.3,5.8,2.1,1.1,3.6,3.7,20.0,,94,113,motenla01
266,Alonzo Mourning*,C,26,MIA,66,65,2320,11.1,20.7,.534,0.0,0.2,.111,11.1,20.5,.539,8.5,13.2,.642,4.4,10.9,15.4,2.4,1.3,4.4,5.3,6.4,30.7,,106,95,mournal01
267,Chris Mullin*,SF,33,GSW,79,63,2733,8.4,15.1,.553,1.6,3.9,.411,6.8,11.3,.602,3.5,4.1,.864,1.4,4.6,6.1,6.2,2.5,0.6,3.7,3.0,21.8,,118,112,mullich01
268,Eric Murdock,PG,28,DEN,12,0,114,6.8,15.0,.455,1.8,4.6,.400,5.0,10.5,.478,5.0,5.5,.917,0.5,4.6,5.0,10.9,4.1,0.9,5.0,4.1,20.5,,110,107,murdoer01
269,Gheorghe Mureșan,C,25,WSB,73,69,1849,9.2,15.2,.604,0.0,0.0,,9.2,15.2,.604,3.5,5.6,.618,4.0,9.6,13.5,0.8,1.2,2.7,3.3,6.5,21.8,,111,102,muresgh01
270,Lamond Murray,SF,23,LAC,74,1,1295,7.3,17.7,.416,1.3,3.7,.341,6.1,14.0,.436,6.3,8.6,.739,3.4,6.0,9.5,2.3,2.2,1.2,3.5,4.6,22.3,,104,107,murrala01
271,Tracy Murray,SF,25,WSB,82,1,1814,8.3,19.4,.425,3.0,8.6,.353,5.2,10.8,.481,3.9,4.6,.839,2.4,4.8,7.2,2.2,2.0,0.5,2.5,4.3,23.4,,110,106,murratr01
272,Dikembe Mutombo*,C,30,ATL,80,80,2973,7.1,13.4,.527,0.0,0.0,,7.1,13.4,.527,5.7,8.1,.705,5.0,12.3,17.3,2.0,0.9,4.9,3.5,4.6,19.8,,113,97,mutomdi01
273,Martin Müürsepp,PF,22,TOT,42,0,348,8.4,20.3,.412,0.6,3.7,.167,7.8,16.6,.467,6.8,10.9,.629,5.4,5.0,10.4,3.1,1.9,1.7,2.8,9.0,24.2,,104,108,muursma01
273,Martin Müürsepp,PF,22,MIA,10,0,27,10.1,28.2,.357,2.0,8.1,.250,8.1,20.1,.400,12.1,28.2,.429,4.0,6.0,10.1,6.0,0.0,2.0,6.0,6.0,34.2,,87,104,muursma01
273,Martin Müürsepp,PF,22,DAL,32,0,321,8.2,19.7,.419,0.5,3.4,.150,7.7,16.3,.474,6.4,9.4,.679,5.5,4.9,10.4,2.9,2.0,1.7,2.5,9.2,23.3,,106,108,muursma01
274,Steve Nash*,PG,22,PHO,65,2,684,5.6,13.2,.423,1.7,4.1,.418,3.8,9.0,.425,3.2,3.8,.824,1.2,3.5,4.7,10.4,1.5,0.0,4.7,6.9,16.0,,103,112,nashst01
275,Ruben Nembhard,SG-PG,24,TOT,10,0,113,7.5,17.4,.432,0.0,2.8,.000,7.5,14.6,.516,3.8,4.7,.800,1.4,2.4,3.8,8.0,4.2,0.0,3.8,5.7,18.8,,101,103,nembhru01
275,Ruben Nembhard,SG,24,UTA,8,0,94,6.8,16.4,.414,0.0,2.3,.000,6.8,14.2,.480,4.5,5.7,.800,1.7,2.8,4.5,6.8,3.4,0.0,1.7,5.1,18.1,,110,105,nembhru01
275,Ruben Nembhard,PG,24,POR,2,0,19,11.1,22.2,.500,0.0,5.6,.000,11.1,16.7,.667,0.0,0.0,,0.0,0.0,0.0,13.9,8.3,0.0,13.9,8.3,22.2,,77,95,nembhru01
276,Ivano Newbill,PF,26,ATL,72,2,850,2.6,5.9,.440,0.0,0.0,,2.6,5.9,.440,1.3,3.4,.385,4.9,8.3,13.3,1.6,1.8,1.0,2.7,7.5,6.5,,91,101,newbiiv01
277,Johnny Newman,SF,33,MIL,82,4,2060,6.4,14.2,.450,0.9,2.6,.347,5.5,11.7,.472,4.9,6.4,.765,1.7,3.1,4.8,3.0,1.9,0.4,3.0,6.7,18.6,,106,110,newmajo01
278,Gaylon Nickerson,SG,27,TOT,4,0,42,5.2,15.6,.333,0.0,2.6,.000,5.2,13.0,.400,9.1,9.1,1.000,1.3,5.2,6.5,1.3,1.3,1.3,1.3,1.3,19.5,,111,113,nickega01
278,Gaylon Nickerson,SG,27,SAS,3,0,36,4.6,13.7,.333,0.0,1.5,.000,4.6,12.2,.375,10.7,10.7,1.000,1.5,4.6,6.1,1.5,0.0,1.5,0.0,1.5,19.9,,131,117,nickega01
278,Gaylon Nickerson,SG,27,WSB,1,0,6,8.7,26.0,.333,0.0,8.7,.000,8.7,17.3,.500,0.0,0.0,,0.0,8.7,8.7,0.0,8.7,0.0,8.7,0.0,17.3,,51,90,nickega01
279,Ken Norman,SF,32,ATL,17,0,220,6.8,23.6,.287,1.5,9.6,.158,5.3,14.1,.375,1.0,3.0,.333,2.0,7.8,9.8,3.0,1.8,0.8,4.5,4.3,16.1,,69,102,normake01
280,Moochie Norris,PG,23,VAN,8,0,89,2.4,13.4,.182,1.2,6.1,.200,1.2,7.3,.167,1.2,3.0,.400,1.8,5.5,7.3,14.0,2.4,0.0,3.0,3.0,7.3,,81,112,norrimo01
281,Ed O'Bannon,SF,24,TOT,64,5,809,6.0,18.1,.333,1.2,4.5,.257,4.9,13.5,.359,2.0,2.3,.886,3.2,6.3,9.6,2.5,1.9,0.8,1.3,6.3,15.2,,96,109,obanned01
281,Ed O'Bannon,SF,24,NJN,45,5,634,6.2,17.0,.367,1.4,4.9,.283,4.8,12.0,.401,1.6,1.9,.870,3.4,5.8,9.2,2.3,2.0,0.8,1.1,6.4,15.5,,104,110,obanned01
281,Ed O'Bannon,SF,24,DAL,19,0,175,5.2,22.2,.236,0.3,3.1,.100,4.9,19.1,.258,3.4,3.7,.917,2.8,8.3,11.1,3.4,1.5,0.6,1.8,5.9,14.2,,75,107,obanned01
282,Jermaine O'Neal,PF,18,POR,45,0,458,8.0,17.6,.451,0.0,0.1,.000,8.0,17.5,.454,5.4,9.0,.603,4.5,9.8,14.3,0.9,0.2,3.0,3.1,5.3,21.3,,100,102,onealje01
283,Shaquille O'Neal*,C,24,LAL,51,51,1941,15.0,26.9,.557,0.0,0.1,.000,15.0,26.8,.559,6.3,13.0,.484,5.3,12.1,17.4,4.3,1.2,4.0,4.0,4.9,36.3,,110,99,onealsh01
284,Charles Oakley,PF,33,NYK,80,80,2873,6.3,12.8,.488,0.1,0.4,.263,6.2,12.5,.495,3.3,4.1,.808,4.5,9.9,14.4,4.1,2.0,0.4,3.2,5.6,15.9,,109,99,oaklech01
285,Hakeem Olajuwon*,C,34,HOU,78,78,2852,13.4,26.2,.510,0.1,0.3,.313,13.3,25.9,.512,6.4,8.2,.787,3.2,10.0,13.2,4.3,2.1,3.2,5.2,4.6,33.2,,105,99,olajuha01
286,Jimmy Oliver,SG,27,TOR,4,0,43,4.9,16.0,.308,1.2,7.4,.167,3.7,8.6,.429,2.5,2.5,1.000,1.2,4.9,6.2,1.2,2.5,0.0,3.7,2.5,13.6,,77,109,oliveji01
287,Greg Ostertag,C,23,UTA,77,70,1818,6.2,12.0,.515,0.0,0.1,.000,6.2,11.8,.520,4.1,6.0,.678,5.3,11.3,16.6,0.8,0.7,4.5,2.2,6.8,16.4,,114,100,ostergr01
288,Bo Outlaw,PF,25,LAC,82,25,2195,6.1,10.0,.609,0.0,0.2,.000,6.1,9.8,.621,2.8,5.6,.504,4.2,6.7,10.9,3.8,2.3,3.4,2.6,5.4,15.0,,116,104,outlabo01
289,Doug Overton,PG,27,PHI,61,4,634,6.4,15.1,.426,0.8,3.2,.250,5.6,11.9,.473,3.6,3.8,.938,1.4,4.0,5.4,8.0,1.9,0.0,3.1,3.5,17.2,,109,114,overtdo01
290,Billy Owens,SF,27,SAC,66,56,1995,7.9,16.9,.467,0.7,1.9,.347,7.2,15.0,.482,2.7,3.8,.697,3.5,6.8,10.4,4.9,1.6,0.7,3.5,4.9,19.1,,103,108,owensbi01
291,Ray Owes,PF,24,GSW,57,1,592,6.6,15.9,.417,0.1,0.4,.200,6.5,15.4,.423,2.3,4.1,.565,5.6,8.7,14.4,1.3,1.3,1.8,2.0,7.6,15.6,,99,110,owesra01
292,Robert Pack,PG,27,TOT,54,42,1782,8.0,20.5,.392,0.9,3.3,.277,7.1,17.2,.415,5.8,7.2,.807,0.8,3.5,4.3,13.3,2.8,0.2,6.4,4.1,22.8,,98,110,packro01
292,Robert Pack,PG,27,NJN,34,31,1185,8.5,20.8,.407,1.0,3.2,.297,7.5,17.5,.428,5.9,7.5,.788,0.7,3.1,3.8,14.3,2.6,0.1,6.6,3.6,23.8,,101,111,packro01
292,Robert Pack,PG,27,DAL,20,11,597,7.1,19.8,.361,0.8,3.4,.237,6.3,16.3,.387,5.6,6.6,.849,1.2,4.2,5.4,11.5,3.2,0.3,6.1,5.1,20.7,,93,107,packro01
293,Robert Parish*,C,43,CHI,43,3,406,9.2,18.8,.490,0.0,0.0,,9.2,18.8,.490,2.8,4.1,.677,5.5,6.2,11.7,2.9,0.8,2.5,3.7,5.3,21.2,,104,104,parisro01
294,Cherokee Parks,PF,24,MIN,76,0,961,5.7,11.1,.510,0.0,0.1,.000,5.7,11.1,.512,2.5,4.2,.605,4.6,6.2,10.7,1.9,2.3,2.6,1.8,8.3,13.9,,111,105,parksch02
295,Gary Payton*,PG,28,SEA,82,82,3213,11.7,24.5,.476,2.0,6.3,.313,9.7,18.2,.533,4.2,5.9,.715,1.8,4.5,6.3,9.6,3.3,0.2,3.6,3.4,29.5,,114,103,paytoga01
296,Anthony Peeler,SG,27,VAN,72,57,2291,9.5,23.9,.398,3.0,8.1,.373,6.5,15.8,.410,2.6,3.2,.820,1.3,4.6,5.9,6.1,2.5,0.4,3.7,4.0,24.7,,97,112,peelean01
297,Will Perdue,C,31,SAS,65,34,1918,6.7,11.8,.568,0.0,0.0,,6.7,11.8,.568,2.8,4.9,.579,7.2,11.1,18.3,1.1,0.9,2.9,2.5,5.3,16.2,,115,109,perduwi01
298,Sam Perkins,C,35,SEA,81,4,1976,7.8,17.8,.439,3.3,8.3,.395,4.5,9.5,.477,5.0,6.2,.817,2.0,6.1,8.1,2.8,1.9,1.3,2.1,3.6,23.9,,119,104,perkisa01
299,Elliot Perry,PG,27,MIL,82,3,1595,7.3,15.4,.474,1.6,4.6,.358,5.6,10.8,.523,2.7,3.6,.745,0.8,3.4,4.2,8.3,3.3,0.1,3.7,3.9,18.9,,108,108,perryel01
300,Wesley Person,SG,25,PHO,80,42,2326,9.1,20.0,.453,3.8,9.2,.413,5.3,10.8,.487,2.0,2.5,.798,1.5,5.0,6.5,2.7,1.9,0.4,1.7,2.3,23.9,,112,110,persowe01
301,Bobby Phills,SG,27,CLE,69,65,2375,8.0,18.7,.428,2.1,5.3,.394,5.9,13.4,.442,3.0,4.2,.718,1.5,4.4,6.0,5.7,2.8,0.5,3.3,4.2,21.1,,103,102,phillbo01
302,Eric Piatkowski,SG,26,LAC,65,0,747,9.4,21.0,.450,3.6,8.4,.425,5.8,12.5,.466,4.9,5.9,.821,3.4,3.9,7.4,3.7,2.3,0.7,3.2,6.0,27.3,,115,109,piatker01
303,Ricky Pierce,SG,37,TOT,60,27,1250,10.2,21.1,.481,1.8,4.0,.442,8.4,17.1,.490,5.9,6.6,.897,1.5,3.6,5.1,3.4,1.2,0.4,2.9,4.1,28.0,,113,113,piercri01
303,Ricky Pierce,SG,37,DEN,33,10,600,10.4,22.5,.462,1.0,3.4,.308,9.4,19.1,.489,7.2,8.0,.902,1.5,3.1,4.6,2.7,1.2,0.4,3.3,4.2,29.0,,108,115,piercri01
303,Ricky Pierce,SG,37,CHH,27,17,650,9.9,19.8,.502,2.5,4.7,.536,7.4,15.1,.492,4.7,5.3,.889,1.6,4.1,5.7,4.1,1.2,0.3,2.5,4.0,27.0,,119,112,piercri01
304,Ed Pinckney,PF,33,MIA,27,0,273,4.6,8.6,.535,0.0,0.0,,4.6,8.6,.535,4.0,5.0,.800,5.0,8.0,13.0,1.2,1.6,1.8,3.8,6.0,13.1,,106,99,pincked01
305,Scottie Pippen*,SF,31,CHI,82,82,3095,11.2,23.5,.474,2.7,7.3,.368,8.5,16.2,.522,3.5,5.0,.701,2.8,6.4,9.2,8.0,2.7,0.8,3.7,3.7,28.5,,115,101,pippesc01
306,Olden Polynice,C,32,SAC,82,82,2893,8.1,17.6,.457,0.0,0.1,.000,8.1,17.5,.460,2.6,4.6,.562,5.0,9.1,14.1,3.2,0.8,1.5,3.0,5.4,18.7,,100,108,polynol01
307,Terry Porter,PG,33,MIN,82,20,1568,6.3,15.2,.416,2.3,6.8,.335,4.1,8.4,.482,4.3,5.6,.765,1.0,4.9,5.9,10.0,1.8,0.4,4.3,3.5,19.2,,106,109,portete01
308,Vitaly Potapenko,C,21,CLE,80,3,1238,8.7,19.8,.440,0.0,0.1,.500,8.7,19.7,.439,4.3,5.8,.736,4.9,5.2,10.1,1.9,1.2,1.6,5.1,10.1,21.7,,91,104,potapvi01
309,Brent Price,PG,28,HOU,25,0,390,5.9,14.1,.419,2.3,7.1,.321,3.6,7.0,.519,2.8,2.8,1.000,1.3,2.6,3.9,8.7,2.3,0.0,4.3,4.6,16.9,,106,107,pricebr01
310,Mark Price,PG,32,GSW,70,49,1876,7.3,16.4,.447,3.1,7.9,.396,4.2,8.5,.493,4.3,4.8,.906,1.0,4.0,5.0,9.5,1.9,0.1,4.5,2.8,22.1,,114,114,pricema01
311,Theo Ratliff,C,23,DET,76,38,1292,7.9,14.8,.531,0.0,0.0,,7.9,14.8,.531,3.6,5.1,.698,4.8,6.5,11.3,0.6,1.3,4.9,2.5,8.0,19.3,,111,102,ratlith01
312,Dino Radja*,C,29,BOS,25,25,874,8.5,19.4,.440,0.0,0.1,.000,8.5,19.4,.441,2.9,4.1,.718,2.5,9.6,12.1,2.8,1.3,2.8,4.0,4.4,20.0,,90,108,radjadi01
313,Eldridge Recasner,SG,29,ATL,71,4,1207,6.8,16.0,.423,2.7,6.4,.414,4.1,9.6,.429,2.3,2.7,.879,1.6,3.7,5.3,4.3,1.7,0.2,3.0,4.4,18.6,,108,106,recasel01
314,Bryant Reeves,C,23,VAN,75,75,2777,9.7,20.0,.486,0.0,0.2,.091,9.7,19.8,.490,4.2,6.0,.704,3.4,8.5,11.9,3.1,0.6,1.3,3.4,5.3,23.7,,102,112,reevebr01
315,Khalid Reeves,PG,24,TOT,63,30,1432,6.7,17.2,.391,3.0,8.3,.366,3.7,8.9,.416,2.4,3.2,.747,1.2,3.1,4.4,8.3,1.2,0.3,4.0,5.8,18.9,,104,113,reevekh01
315,Khalid Reeves,PG,24,NJN,50,18,1048,7.0,17.8,.393,3.8,9.5,.396,3.2,8.3,.389,2.8,3.7,.747,1.1,3.3,4.4,8.4,1.1,0.3,4.1,5.9,20.5,,107,114,reevekh01
315,Khalid Reeves,PG,24,DAL,13,12,384,6.0,15.6,.387,1.0,4.9,.200,5.1,10.7,.474,1.3,1.7,.750,1.7,2.7,4.4,7.9,1.5,0.3,3.7,5.6,14.3,,93,112,reevekh01
316,Don Reid,PF,23,DET,47,14,462,6.6,13.8,.482,0.0,0.1,.000,6.6,13.6,.486,2.9,3.9,.750,4.4,8.0,12.4,1.7,2.0,1.8,2.8,12.9,16.2,,104,102,reiddo01
317,Shawn Respert,SG,24,TOT,41,0,495,6.3,14.9,.424,2.1,6.1,.351,4.2,8.8,.476,3.6,4.2,.872,1.5,2.7,4.2,4.3,2.1,0.2,3.2,4.3,18.4,,107,111,respesh01
317,Shawn Respert,SG,24,MIL,14,0,83,3.9,12.3,.316,0.6,5.8,.111,3.2,6.5,.500,4.5,4.5,1.000,1.9,2.6,4.5,5.2,0.0,0.0,5.2,3.2,12.9,,85,115,respesh01
317,Shawn Respert,SG,24,TOR,27,0,412,6.8,15.4,.442,2.4,6.2,.396,4.4,9.3,.472,3.5,4.1,.844,1.4,2.7,4.1,4.1,2.6,0.3,2.8,4.5,19.5,,112,110,respesh01
318,Glen Rice,SF,29,CHH,79,78,3362,11.6,24.4,.477,3.3,7.1,.470,8.3,17.3,.480,7.5,8.6,.867,1.1,4.0,5.1,2.6,1.2,0.4,2.9,3.1,34.1,,117,112,ricegl01
319,Pooh Richardson,PG,30,LAC,59,18,1065,6.5,17.0,.381,2.1,6.3,.328,4.4,10.7,.412,1.3,2.1,.605,1.2,3.6,4.8,8.3,2.7,0.2,3.1,4.0,16.3,,99,109,richapo01
320,Mitch Richmond*,SG,31,SAC,81,81,3125,12.1,26.6,.454,3.4,8.0,.428,8.7,18.6,.466,7.7,9.0,.861,1.0,4.4,5.4,5.7,2.0,0.4,4.0,3.6,35.3,,115,110,richmmi01
321,Isaiah Rider,SG,25,POR,76,68,2563,9.4,20.2,.464,2.0,5.3,.385,7.4,15.0,.492,4.4,5.4,.812,1.9,4.3,6.3,4.1,0.9,0.4,4.4,4.1,25.2,,106,108,rideris01
322,Fred Roberts,PF,36,DAL,12,0,40,8.1,20.2,.400,0.0,0.0,,8.1,20.2,.400,13.5,18.9,.714,2.7,10.8,13.5,0.0,0.0,1.3,6.7,2.7,29.7,,92,108,roberfr01
323,Stanley Roberts,C,26,LAC,18,2,378,8.8,20.6,.426,0.0,0.0,,8.8,20.6,.426,6.3,8.9,.703,3.3,9.3,12.7,1.3,1.1,3.2,3.2,7.9,23.8,,98,105,roberst01
324,Chris Robinson,SG,22,VAN,41,6,681,5.5,14.5,.379,2.7,7.1,.382,2.8,7.4,.376,1.3,2.1,.615,1.8,3.8,5.7,5.2,2.2,0.7,2.7,6.8,15.0,,99,113,robinch01
325,Clifford Robinson,SF,30,POR,81,79,3077,7.6,17.9,.426,2.1,6.0,.346,5.5,11.9,.466,3.7,5.3,.696,1.5,4.0,5.5,4.5,1.7,1.1,3.0,4.3,21.0,,106,105,robincl02
326,David Robinson*,C,31,SAS,6,6,147,13.5,26.9,.500,0.0,0.0,,13.5,26.9,.500,12.7,19.4,.654,7.1,12.0,19.1,3.0,2.2,2.2,3.0,3.4,39.6,,117,106,robinda01
327,Glenn Robinson,SF,24,MIL,80,79,3114,11.5,24.8,.465,1.1,3.1,.350,10.4,21.7,.482,5.0,6.3,.791,2.2,6.4,8.6,4.3,1.8,1.2,4.6,3.9,29.1,,102,108,robingl01
328,James Robinson,PG,26,MIN,69,5,1309,7.9,19.5,.407,4.1,10.8,.382,3.8,8.7,.437,3.2,4.6,.684,1.0,3.6,4.5,5.1,1.2,0.3,2.8,5.1,23.1,,106,111,robinja02
329,Rumeal Robinson,PG,30,TOT,54,3,508,6.8,17.0,.402,1.9,5.8,.321,5.0,11.2,.444,2.7,3.6,.743,0.6,4.2,4.9,7.5,2.5,0.2,4.4,6.2,18.2,,96,105,robinru01
329,Rumeal Robinson,PG,30,LAL,15,3,126,7.1,20.1,.354,2.5,9.6,.261,4.6,10.4,.440,2.1,3.3,.625,0.8,3.3,4.2,5.4,2.1,0.8,4.6,5.0,18.8,,86,106,robinru01
329,Rumeal Robinson,PG,30,PHO,12,0,87,9.5,20.1,.471,1.8,5.9,.300,7.7,14.2,.542,0.6,2.4,.250,0.6,3.6,4.1,4.7,0.6,0.0,3.0,4.7,21.3,,96,114,robinru01
329,Rumeal Robinson,PG,30,POR,27,0,295,5.9,14.7,.402,1.6,4.1,.391,4.3,10.6,.407,3.6,4.1,.870,0.5,4.8,5.4,9.3,3.2,0.0,4.8,7.2,17.0,,101,102,robinru01
330,Dennis Rodman*,PF,35,CHI,55,54,1947,3.5,7.8,.448,0.1,0.5,.263,3.4,7.3,.461,1.4,2.4,.568,8.8,15.4,24.2,4.7,0.9,0.5,3.0,4.7,8.5,,111,98,rodmade01
331,Lou Roe,SF,24,GSW,17,0,107,6.8,23.4,.292,1.5,5.4,.273,5.4,18.1,.297,4.4,9.3,.474,3.4,3.4,6.8,2.9,1.5,0.5,5.4,4.9,19.5,,74,115,roelo01
332,Carlos Rogers,PF,25,TOR,56,3,1397,8.0,15.3,.525,0.9,2.5,.379,7.1,12.8,.553,3.9,6.4,.600,4.6,7.0,11.5,1.4,1.6,2.6,2.0,5.3,20.9,,117,107,rogerca01
333,Rodney Rogers,SF,25,LAC,81,62,2480,8.6,18.7,.462,1.4,3.8,.361,7.3,14.9,.487,4.0,6.1,.663,2.9,5.8,8.7,4.7,1.9,1.3,4.7,5.8,22.7,,100,108,rogerro01
334,Roy Rogers,PF,23,VAN,82,50,1848,7.2,14.2,.505,0.0,0.0,1.000,7.1,14.2,.504,1.6,2.8,.574,4.1,7.3,11.3,1.4,0.6,4.8,2.5,6.3,15.9,,100,110,rogerro02
335,Sean Rooks,C,27,LAL,69,3,735,6.2,13.3,.470,0.0,0.1,.000,6.2,13.2,.473,6.5,9.3,.700,4.0,7.7,11.7,3.0,1.2,2.7,3.7,8.8,19.0,,106,103,rooksse01
336,Jalen Rose,SF,24,IND,66,6,1188,7.8,17.1,.456,1.0,3.3,.292,6.9,13.8,.495,5.3,7.1,.750,1.2,4.3,5.5,7.0,2.6,0.8,4.9,6.2,21.9,,102,104,roseja01
337,Malik Rose,PF,22,CHH,54,1,525,6.3,13.2,.477,0.0,0.2,.000,6.3,13.0,.484,3.9,6.4,.613,7.2,9.7,16.9,3.3,2.9,1.8,4.2,11.8,16.5,,103,103,rosema01
338,Donald Royal,SF,30,TOT,62,4,858,3.8,9.0,.425,0.0,0.1,.000,3.8,8.9,.431,5.8,7.2,.803,3.2,6.3,9.5,1.5,1.4,0.7,2.9,6.2,13.5,,106,111,royaldo01
338,Donald Royal,SF,30,ORL,1,1,29,7.5,18.7,.400,0.0,0.0,,7.5,18.7,.400,7.5,7.5,1.000,1.9,0.0,1.9,1.9,0.0,0.0,5.6,5.6,22.5,,91,116,royaldo01
338,Donald Royal,SF,30,GSW,36,1,509,3.8,9.8,.385,0.0,0.2,.000,3.8,9.6,.394,6.4,8.0,.795,3.4,6.4,9.7,1.4,1.1,0.9,2.3,5.6,14.0,,109,113,royaldo01
338,Donald Royal,SF,30,CHH,25,2,320,3.6,6.8,.525,0.0,0.0,,3.6,6.8,.525,4.7,5.9,.800,3.0,6.8,9.8,1.7,2.0,0.3,3.7,7.1,11.9,,104,108,royaldo01
339,Clifford Rozier,C,24,TOT,42,29,737,5.7,12.5,.454,0.0,0.1,.000,5.7,12.4,.459,2.2,4.4,.508,7.3,9.5,16.8,2.2,1.7,3.2,2.1,7.0,13.6,,107,104,roziecl01
339,Clifford Rozier,C,24,GSW,1,0,5,0.0,10.4,.000,0.0,0.0,,0.0,10.4,.000,0.0,0.0,,0.0,0.0,0.0,0.0,0.0,0.0,0.0,0.0,0.0,,0,121,roziecl01
339,Clifford Rozier,C,24,TOR,41,29,732,5.7,12.5,.457,0.0,0.1,.000,5.7,12.4,.462,2.2,4.4,.508,7.4,9.6,16.9,2.2,1.7,3.2,2.1,7.0,13.7,,107,104,roziecl01
340,Bryon Russell,SF,26,UTA,81,81,2525,6.3,13.1,.479,2.3,5.6,.409,4.0,7.5,.531,3.6,5.2,.701,1.7,5.3,7.0,2.6,2.7,0.6,2.0,5.0,18.4,,116,104,russebr01
341,Arvydas Sabonis*,C,32,POR,69,68,1762,9.8,19.7,.498,1.5,4.0,.371,8.4,15.8,.530,6.7,8.6,.777,3.4,13.0,16.4,4.4,1.9,2.5,4.5,6.1,27.8,,113,97,sabonar01
342,Kevin Salvadori,C,26,SAC,23,0,154,4.1,11.3,.364,0.0,0.0,,4.1,11.3,.364,4.5,6.2,.722,2.1,6.5,8.6,3.4,0.7,4.5,4.1,5.8,12.7,,86,107,salvake01
343,Jason Sasser,SF,23,TOT,8,0,69,7.2,18.3,.391,0.8,2.4,.333,6.4,15.9,.400,0.0,0.0,,0.8,5.6,6.4,1.6,2.4,0.0,1.6,8.7,15.1,,86,112,sasseja01
343,Jason Sasser,SF,23,SAS,6,0,62,7.1,16.8,.421,0.9,1.8,.500,6.2,15.1,.412,0.0,0.0,,0.0,6.2,6.2,0.9,1.8,0.0,1.8,9.8,15.1,,88,113,sasseja01
343,Jason Sasser,SF,23,DAL,2,0,7,7.7,30.8,.250,0.0,7.7,.000,7.7,23.1,.333,0.0,0.0,,7.7,0.0,7.7,7.7,7.7,0.0,0.0,0.0,15.4,,81,102,sasseja01
344,Danny Schayes,PF,37,ORL,45,6,540,4.7,12.1,.392,0.0,0.1,.000,4.7,12.0,.395,3.9,5.2,.750,4.1,8.5,12.6,1.4,1.5,1.6,2.7,7.4,13.4,,96,104,schayda01
345,Steve Scheffler,C,29,SEA,7,0,29,11.0,12.8,.857,0.0,0.0,,11.0,12.8,.857,1.8,3.7,.500,1.8,3.7,5.5,0.0,0.0,0.0,9.2,9.2,23.8,,83,111,schefst01
346,Dwayne Schintzius,C,28,LAC,15,0,116,5.9,16.3,.361,0.5,0.9,.500,5.4,15.4,.353,3.2,3.6,.875,4.1,5.9,10.0,1.8,0.5,4.1,3.2,10.0,15.4,,90,108,schindw01
347,Detlef Schrempf,SF,34,SEA,61,60,2192,8.6,17.6,.492,1.4,3.9,.354,7.2,13.7,.531,6.1,7.7,.801,2.1,7.4,9.6,6.4,1.5,0.4,3.6,3.7,24.8,,116,104,schrede01
348,Brent Scott,PF,25,IND,16,0,55,7.8,16.7,.471,0.0,0.0,,7.8,16.7,.471,2.9,5.9,.500,2.9,5.9,8.8,2.9,1.0,1.0,3.9,13.7,18.6,,92,106,scottbr01
349,Byron Scott,SG,35,LAL,79,8,1440,6.0,13.9,.430,2.7,6.9,.388,3.3,7.0,.471,4.6,5.5,.841,0.8,3.5,4.3,3.6,1.7,0.6,1.9,2.6,19.2,,120,108,scottby01
350,Dennis Scott,SF,28,ORL,66,62,2166,7.5,18.8,.398,3.7,9.4,.394,3.8,9.4,.402,2.0,2.5,.792,1.0,4.1,5.1,3.5,1.9,0.5,2.0,3.5,20.6,,107,108,scottde01
351,James Scott,SF,24,MIA,8,0,32,0.0,13.6,.000,0.0,6.8,.000,0.0,6.8,.000,1.7,3.4,.500,1.7,8.5,10.2,5.1,3.4,0.0,3.4,8.5,1.7,,34,97,scottja01
352,Shawnelle Scott,C,24,CLE,16,0,50,9.3,18.5,.500,0.0,0.0,,9.3,18.5,.500,4.6,12.7,.364,9.3,9.3,18.5,0.0,0.0,3.5,0.0,6.9,23.2,,113,102,scottsh01
353,Malik Sealy,SG,26,LAC,80,79,2456,8.0,20.2,.396,1.7,4.8,.356,6.3,15.4,.408,5.4,6.2,.876,1.3,3.8,5.1,3.5,2.7,1.0,3.3,4.0,23.1,,102,108,sealyma01
354,Rony Seikaly,C,31,ORL,74,68,2615,9.6,18.8,.507,0.0,0.1,.000,9.6,18.8,.509,7.4,10.4,.714,5.7,8.9,14.6,1.9,1.0,2.2,4.5,5.7,26.5,,107,105,seikaro01
355,Brian Shaw,PG,30,ORL,77,31,1867,5.5,15.0,.366,1.8,5.6,.325,3.7,9.4,.391,3.2,4.1,.793,1.4,4.3,5.6,9.3,1.9,0.8,4.9,5.7,16.1,,95,108,shawbr01
356,Lionel Simmons,SF,28,SAC,41,0,521,4.6,13.8,.331,0.7,3.0,.233,3.8,10.7,.358,4.3,4.9,.875,3.0,7.5,10.5,5.8,0.8,1.3,3.4,6.4,14.1,,96,109,simmoli01
357,Dickey Simpkins,PF,24,CHI,48,0,395,4.2,12.6,.333,0.1,0.5,.250,4.1,12.0,.337,3.8,5.4,.700,4.9,7.6,12.4,4.2,0.7,0.7,4.7,5.9,12.3,,87,105,simpkdi01
358,Reggie Slater,PF,26,TOR,26,0,406,10.7,19.4,.550,0.0,0.3,.000,10.7,19.2,.558,5.1,9.8,.520,5.2,7.2,12.4,2.7,1.2,0.8,3.8,4.4,26.5,,107,109,slatere01
359,Charles Smith,PF,31,SAS,19,7,329,5.7,14.0,.405,0.0,0.2,.000,5.7,13.9,.410,3.3,4.3,.769,3.0,7.9,10.9,2.3,2.2,3.7,3.7,7.4,14.7,,90,108,smithch01
360,Joe Smith,PF,21,GSW,80,80,3086,9.9,21.9,.454,0.2,0.8,.261,9.7,21.1,.461,5.2,6.4,.814,4.4,7.1,11.5,2.1,1.3,1.5,3.2,4.1,25.3,,105,112,smithjo02
361,Kenny Smith,PG,31,TOT,48,3,765,6.9,16.4,.423,4.0,9.3,.437,2.9,7.1,.404,2.7,3.1,.867,0.3,2.7,3.0,8.0,1.3,0.0,4.9,2.1,20.6,,104,115,smithke01
361,Kenny Smith,PG,31,DET,9,0,64,7.1,17.7,.400,4.4,8.9,.500,2.7,8.9,.300,1.8,1.8,1.000,0.0,4.4,4.4,8.9,0.9,0.0,2.7,1.8,20.4,,115,109,smithke01
361,Kenny Smith,PG,31,ORL,6,0,47,6.9,15.0,.462,3.5,5.8,.600,3.5,9.2,.375,2.3,2.3,1.000,1.2,1.2,2.3,4.6,0.0,0.0,6.9,3.5,19.7,,92,115,smithke01
361,Kenny Smith,PG,31,DEN,33,3,654,6.9,16.4,.422,4.1,9.5,.425,2.9,6.8,.419,2.8,3.3,.854,0.2,2.7,2.9,8.1,1.4,0.0,4.9,2.0,20.7,,104,115,smithke01
362,Michael Smith,PF,24,SAC,81,52,2526,4.2,7.8,.539,0.0,0.0,,4.2,7.8,.539,2.7,5.4,.496,5.4,10.7,16.1,4.0,1.7,1.3,2.7,5.2,11.1,,109,105,smithmi02
363,Steve Smith,SG,27,ATL,72,72,2818,9.6,22.5,.429,2.6,7.6,.335,7.1,14.9,.477,6.5,7.7,.847,1.8,2.9,4.7,6.0,1.2,0.5,3.5,3.4,28.4,,114,108,smithst01
364,Stevin Smith,SG,25,DAL,8,0,60,5.4,16.2,.333,0.9,5.4,.167,4.5,10.8,.417,0.9,0.9,1.000,1.8,7.2,9.0,3.6,0.9,0.0,3.6,8.1,12.6,,78,110,smithst02
365,Tony Smith,PG,28,CHH,69,39,1291,5.8,14.1,.409,1.3,4.2,.323,4.5,10.0,.445,1.6,2.5,.644,1.6,2.4,3.9,6.3,2.0,0.8,3.1,4.6,14.5,,98,111,smithto02
366,Rik Smits,C,30,IND,52,52,1518,12.6,26.0,.486,0.1,0.3,.250,12.6,25.8,.488,6.1,7.7,.797,3.7,9.1,12.8,2.4,0.8,2.1,4.5,6.2,31.5,,103,104,smitsri01
367,Eric Snow,PG,23,SEA,67,0,775,5.1,11.2,.451,0.3,1.0,.267,4.8,10.2,.470,3.2,4.5,.712,1.2,3.6,4.8,10.9,2.5,0.2,3.3,6.4,13.6,,111,105,snower01
368,Elmore Spencer,C,27,SEA,1,0,5,0.0,10.6,.000,0.0,0.0,,0.0,10.6,.000,0.0,0.0,,0.0,0.0,0.0,0.0,10.6,0.0,10.6,0.0,0.0,,0,91,spencel01
369,Felton Spencer,C,29,TOT,73,65,1558,4.7,9.5,.489,0.0,0.0,,4.7,9.5,.489,3.2,5.4,.584,5.3,8.7,13.9,0.7,1.1,1.7,3.0,9.2,12.5,,101,110,spencfe01
369,Felton Spencer,C,29,ORL,1,1,19,5.7,5.7,1.000,0.0,0.0,,5.7,5.7,1.000,0.0,0.0,,14.3,2.9,17.2,2.9,0.0,0.0,2.9,5.7,11.4,,154,113,spencfe01
369,Felton Spencer,C,29,GSW,72,64,1539,4.6,9.6,.486,0.0,0.0,,4.6,9.6,.486,3.2,5.5,.584,5.2,8.8,13.9,0.7,1.2,1.7,3.0,9.3,12.5,,101,110,spencfe01
370,Latrell Sprewell,SG,26,GSW,80,79,3353,10.1,22.5,.449,2.3,6.5,.354,7.8,16.0,.488,7.7,9.1,.843,0.9,4.8,5.7,7.9,2.1,0.7,5.0,2.4,30.2,,111,113,sprewla01
371,Jerry Stackhouse,SG,22,PHI,81,81,3166,8.5,20.8,.407,1.6,5.4,.298,6.9,15.4,.446,8.1,10.6,.766,2.5,2.9,5.4,4.0,1.5,1.0,5.0,3.5,26.7,,102,115,stackje01
372,John Starks,SG,31,NYK,77,1,2042,9.6,22.2,.431,3.9,10.6,.369,5.7,11.7,.488,4.5,5.8,.769,0.9,4.4,5.3,5.6,2.3,0.3,4.1,5.1,27.5,,107,102,starkjo01
373,Matt Steigenga,SF,26,CHI,2,0,12,4.4,17.8,.250,0.0,8.9,.000,4.4,8.9,.500,4.4,8.9,.500,0.0,13.3,13.3,8.9,4.4,4.4,8.9,4.4,13.3,,62,89,steigma01
374,Joe Stephens,PF,24,HOU,2,0,9,5.8,29.1,.200,5.8,17.5,.333,0.0,11.6,.000,0.0,0.0,,11.6,5.8,17.5,0.0,17.5,0.0,17.5,17.5,17.5,,52,71,stephjo01
375,Larry Stewart,SF,28,SEA,70,21,982,6.1,13.6,.444,0.5,2.0,.243,5.6,11.6,.479,3.6,5.0,.720,4.1,5.2,9.3,2.8,1.7,1.2,3.4,5.8,16.2,,101,105,stewala01
376,Bryant Stith,SG,26,DEN,52,52,1788,7.3,17.5,.416,2.0,5.3,.385,5.3,12.2,.430,5.9,6.8,.863,2.1,4.2,6.3,3.9,1.7,0.6,2.9,3.5,22.5,,110,113,stithbr01
377,John Stockton*,PG,34,UTA,82,82,2896,7.7,14.0,.548,1.4,3.3,.422,6.3,10.7,.587,5.1,6.0,.846,0.8,3.4,4.2,15.8,3.1,0.3,4.6,3.6,21.8,,125,105,stockjo01
378,Damon Stoudamire,PG,23,TOR,81,81,3311,9.0,22.5,.401,2.8,7.9,.355,6.2,14.6,.426,5.3,6.4,.823,1.4,3.9,5.3,11.3,2.0,0.2,4.6,2.6,26.2,,109,111,stoudda01
379,Erick Strickland,SG,23,DAL,28,15,759,7.2,18.2,.398,2.0,6.5,.304,5.3,11.6,.451,4.6,5.7,.813,1.5,4.9,6.4,4.8,1.9,0.4,4.7,5.3,21.1,,96,110,stricer01
380,Mark Strickland,PF,26,MIA,31,0,153,8.9,21.3,.417,0.0,0.4,.000,8.9,21.0,.424,4.3,7.5,.571,5.7,7.5,13.2,0.4,1.4,3.6,5.3,6.0,22.0,,85,99,stricma01
381,Rod Strickland,PG,30,WSB,82,81,2997,8.9,19.2,.466,0.2,1.3,.169,8.7,17.8,.488,6.4,8.6,.738,1.6,4.2,5.8,12.6,2.5,0.2,4.7,2.9,24.5,,110,106,stricro02
382,Derek Strong,PF,28,ORL,82,21,2004,7.1,15.9,.447,0.0,0.4,.000,7.1,15.5,.457,4.7,5.9,.803,4.7,9.4,14.1,2.0,1.3,0.5,2.8,5.3,19.0,,106,105,stronde01
383,Bob Sura,SG,23,CLE,82,23,2269,6.5,15.0,.431,1.4,4.2,.323,5.1,10.8,.473,5.0,8.1,.614,1.9,5.9,7.9,10.0,2.3,0.8,4.6,5.6,19.3,,103,102,surabo01
384,Brett Szabo,C,28,BOS,70,24,662,4.1,9.2,.446,0.0,0.1,.000,4.1,9.1,.450,3.4,4.6,.738,4.2,8.3,12.5,1.3,1.2,2.4,3.1,9.0,11.6,,98,110,szabobr01
385,Žan Tabak,C,26,TOR,13,4,218,7.8,17.3,.451,0.0,0.0,,7.8,17.3,.451,4.9,7.0,.690,4.9,7.0,11.9,3.4,1.5,2.7,5.1,8.5,20.4,,96,107,tabakza01
386,Carl Thomas,SG,27,CLE,19,0,77,6.8,18.0,.375,1.5,9.0,.167,5.3,9.0,.583,0.8,0.8,1.000,2.3,7.5,9.8,6.0,1.5,0.8,4.5,5.3,15.8,,86,103,thomaca01
387,Kurt Thomas,PF,24,MIA,18,9,374,5.7,15.3,.371,0.0,0.1,.000,5.7,15.1,.375,5.1,6.7,.761,4.5,11.1,15.6,1.3,1.7,1.3,3.6,9.7,16.4,,92,97,thomaku01
388,Brooks Thompson,PG,26,TOT,67,6,1055,8.0,20.0,.399,4.8,12.0,.398,3.2,8.0,.401,1.2,1.9,.632,0.9,3.8,4.7,8.9,2.7,0.1,4.3,6.2,21.9,,103,111,thompbr01
388,Brooks Thompson,PG,26,UTA,2,0,8,0.0,6.7,.000,0.0,0.0,,0.0,6.7,.000,0.0,0.0,,0.0,0.0,0.0,6.7,0.0,0.0,6.7,6.7,0.0,,27,114,thompbr01
388,Brooks Thompson,PG,26,DEN,65,6,1047,8.0,20.1,.400,4.8,12.1,.398,3.2,8.0,.404,1.2,1.9,.632,0.9,3.9,4.8,8.9,2.7,0.1,4.3,6.2,22.1,,103,111,thompbr01
389,LaSalle Thompson,C,35,TOT,26,0,140,1.1,7.1,.158,0.0,0.0,,1.1,7.1,.158,1.5,2.2,.667,2.6,10.1,12.7,0.7,1.1,2.2,3.4,12.4,3.7,,51,106,thompla01
389,LaSalle Thompson,C,35,DEN,17,0,105,1.5,7.9,.188,0.0,0.0,,1.5,7.9,.188,0.5,1.0,.500,2.5,10.4,12.9,0.0,1.5,3.0,3.5,12.9,3.5,,44,106,thompla01
389,LaSalle Thompson,C,35,IND,9,0,35,0.0,4.6,.000,0.0,0.0,,0.0,4.6,.000,4.6,6.2,.750,3.1,9.2,12.3,3.1,0.0,0.0,3.1,10.8,4.6,,76,107,thompla01
390,Otis Thorpe,C,34,DET,79,79,2661,8.9,16.8,.532,0.0,0.0,.000,8.9,16.8,.534,4.2,6.5,.653,4.8,8.5,13.3,2.8,1.3,0.4,3.1,6.4,22.1,,112,105,thorpot01
391,Sedale Threatt,SG,35,HOU,21,0,334,4.4,11.6,.378,1.3,3.1,.400,3.1,8.5,.370,0.9,1.3,.750,0.8,3.0,3.8,6.3,2.4,0.5,2.0,4.5,11.0,,100,106,threase01
392,Wayman Tisdale,PF,32,PHO,53,15,778,10.5,24.6,.426,0.0,0.0,,10.5,24.6,.426,2.0,3.2,.625,2.3,5.6,7.9,1.3,0.5,1.4,2.4,7.3,22.9,,89,111,tisdawa01
393,Keith Tower,C,26,MIL,5,1,72,2.2,6.0,.375,0.0,0.0,,2.2,6.0,.375,0.7,6.0,.125,1.5,5.2,6.7,0.7,1.5,0.7,1.5,8.9,5.2,,64,109,towerke01
394,Gary Trent,PF,22,POR,82,28,1918,9.9,18.5,.536,0.0,0.3,.000,9.9,18.2,.544,4.4,6.3,.699,4.3,7.5,11.8,2.4,1.3,1.0,3.6,5.1,24.3,,110,104,trentga01
395,Nick Van Exel,PG,25,LAL,79,79,2937,7.7,19.3,.402,3.2,8.4,.378,4.6,10.9,.420,3.0,3.6,.825,0.8,3.3,4.1,12.1,1.3,0.2,3.8,2.0,21.6,,111,109,vanexni01
396,David Vaughn,PF,23,ORL,35,6,298,5.7,13.1,.431,0.0,0.0,,5.7,13.1,.431,3.5,5.5,.633,6.4,10.9,17.3,1.3,1.5,2.7,5.3,7.8,14.8,,87,102,vaughda02
397,Loy Vaught,PF,28,LAC,82,82,2838,10.0,20.1,.500,0.0,0.2,.167,10.0,19.9,.504,2.5,3.5,.702,4.1,11.0,15.1,2.0,1.6,0.5,2.5,4.5,22.6,,107,105,vaughlo01
398,Stojko Vranković,C,33,MIN,53,35,766,5.4,9.6,.561,0.0,0.0,,5.4,9.6,.561,1.7,2.6,.676,3.9,7.7,11.6,1.0,0.7,4.6,3.6,8.4,12.5,,97,105,vrankst01
399,Antoine Walker,PF,20,BOS,82,68,2970,9.7,22.9,.425,0.9,2.7,.327,8.8,20.2,.438,3.9,6.2,.631,4.9,7.6,12.5,4.4,1.8,0.9,3.9,4.6,24.2,,98,111,walkean02
400,Samaki Walker,PF,20,DAL,43,12,602,7.4,16.7,.444,0.0,0.1,.000,7.4,16.7,.446,4.3,6.6,.649,4.2,9.0,13.2,1.5,1.3,2.0,3.5,6.4,19.2,,95,106,walkesa01
401,Ben Wallace*,PF,22,WSB,34,0,197,4.2,12.1,.348,0.0,0.0,,4.2,12.1,.348,1.6,5.3,.300,6.6,8.7,15.3,0.5,2.1,2.9,4.7,7.1,10.0,,72,101,wallabe01
402,John Wallace,SF,22,NYK,68,6,787,8.2,15.9,.517,0.1,0.3,.500,8.1,15.6,.517,5.3,7.4,.718,3.4,7.0,10.4,2.5,1.4,1.7,5.1,6.9,21.9,,100,101,wallajo01
403,Rasheed Wallace,PF,22,POR,62,56,1892,10.6,19.0,.558,0.3,0.9,.273,10.4,18.1,.573,4.7,7.4,.638,3.4,8.3,11.7,2.1,1.3,1.6,3.2,5.5,26.2,,113,103,wallara01
404,Rex Walters,SG,26,PHI,59,16,1041,7.2,15.7,.455,2.8,7.2,.385,4.4,8.6,.514,2.4,3.0,.790,1.0,4.2,5.2,5.5,1.4,0.1,3.0,3.6,19.5,,113,115,waltere01
405,Charlie Ward,PG,26,NYK,79,21,1763,4.0,10.1,.395,1.4,4.6,.312,2.6,5.5,.464,2.9,3.8,.760,1.4,5.3,6.6,9.8,2.5,0.5,4.4,5.7,12.3,,101,101,wardch01
406,Jamie Watson,SF,24,TOT,23,6,340,4.9,11.4,.431,0.6,1.9,.333,4.3,9.5,.450,1.9,2.5,.750,2.8,4.6,7.4,5.2,3.5,0.6,3.8,5.4,12.3,,95,105,watsoja01
406,Jamie Watson,SF,24,UTA,13,0,129,4.5,10.3,.440,0.4,1.2,.333,4.1,9.1,.455,4.1,5.0,.833,1.7,5.8,7.4,4.1,4.5,0.8,3.7,6.6,13.6,,99,99,watsoja01
406,Jamie Watson,SF,24,DAL,10,6,211,5.1,12.0,.426,0.8,2.3,.333,4.3,9.7,.447,0.5,1.0,.500,3.6,3.8,7.4,5.9,2.8,0.5,3.8,4.6,11.5,,92,108,watsoja01
407,Clarence Weatherspoon,SF,26,PHI,82,82,2949,6.8,13.9,.491,0.0,0.1,.167,6.8,13.8,.493,3.5,4.8,.738,3.7,7.9,11.6,2.4,1.3,1.5,2.3,3.2,17.1,,111,111,weathcl01
408,Chris Webber*,PF,23,WSB,72,72,2806,11.2,21.6,.518,1.1,2.8,.397,10.1,18.8,.535,3.3,5.8,.565,4.4,9.4,13.8,6.1,2.3,2.5,4.3,4.8,26.8,,108,101,webbech01
409,Bill Wennington,C,33,CHI,61,19,783,8.0,16.1,.498,0.0,0.1,.000,8.0,16.0,.502,3.0,3.6,.830,3.1,5.7,8.8,2.8,0.7,0.7,2.1,9.0,19.1,,113,106,wennibi01
410,Robert Werdann,C,26,NJN,6,0,31,5.0,11.7,.429,0.0,0.0,,5.0,11.7,.429,5.0,5.0,1.000,5.0,5.0,10.1,0.0,3.4,1.7,3.4,16.8,15.1,,104,106,werdaro01
411,David Wesley,PG,26,BOS,74,73,2991,7.6,16.3,.468,1.7,4.8,.360,5.9,11.5,.513,3.8,4.8,.781,1.1,3.3,4.4,9.0,2.7,0.2,3.5,3.7,20.8,,112,112,wesleda01
412,Doug West,SG,29,MIN,68,66,1920,6.2,13.3,.467,0.4,1.2,.333,5.8,12.1,.481,1.8,2.6,.681,1.0,3.1,4.1,3.1,1.7,0.7,1.8,6.0,14.6,,101,110,westdo01
413,Mark West,C,36,CLE,70,43,959,6.0,10.9,.556,0.0,0.0,,6.0,10.9,.556,1.6,3.4,.482,4.2,7.1,11.2,1.1,0.7,3.3,3.1,8.6,13.7,,99,102,westma01
414,Ennis Whatley,PG,34,POR,3,0,22,4.8,9.6,.500,0.0,0.0,,4.8,9.6,.500,0.0,0.0,,0.0,7.2,7.2,7.2,0.0,0.0,2.4,12.0,9.6,,103,107,whatlen01
415,Donald Whiteside,PG,27,TOR,27,1,259,3.7,11.3,.327,2.5,7.4,.333,1.2,3.9,.316,2.3,3.1,.733,0.4,2.0,2.5,7.4,2.3,0.0,3.5,4.7,12.1,,98,112,whitedo01
416,Chris Whitney,PG,25,WSB,82,1,1117,6.5,15.4,.421,2.7,7.6,.356,3.8,7.8,.485,4.4,5.3,.832,0.6,4.2,4.8,8.5,2.3,0.2,3.2,4.7,20.0,,114,106,whitnch01
417,Dominique Wilkins*,SF,37,SAS,63,26,1945,11.2,26.9,.417,2.0,6.8,.293,9.2,20.2,.458,7.9,9.9,.803,4.8,6.6,11.4,3.4,1.1,0.9,3.8,2.8,32.4,,107,114,wilkido01
418,Gerald Wilkins,SG,33,ORL,80,26,2202,8.0,18.7,.426,1.6,5.0,.325,6.3,13.7,.462,3.4,4.7,.716,1.5,2.8,4.3,4.3,1.3,0.3,3.0,3.6,20.9,,101,111,wilkige01
419,Aaron Williams,PF-C,25,TOT,33,1,563,8.2,14.3,.574,0.0,0.1,.000,8.2,14.2,.578,3.2,4.7,.673,6.0,7.8,13.8,1.4,1.5,2.8,3.1,6.9,19.6,,111,109,williaa01
419,Aaron Williams,C,25,DEN,1,0,10,15.6,26.0,.600,0.0,0.0,,15.6,26.0,.600,0.0,0.0,,10.4,15.6,26.0,0.0,0.0,15.6,20.8,0.0,31.2,,64,94,williaa01
419,Aaron Williams,PF,25,VAN,32,1,553,8.0,14.0,.573,0.0,0.1,.000,8.0,13.9,.577,3.2,4.8,.673,5.9,7.7,13.5,1.5,1.6,2.6,2.7,7.1,19.3,,113,110,williaa01
420,Buck Williams,PF,36,NYK,74,4,1496,6.2,11.6,.537,0.0,0.0,.000,6.2,11.5,.538,4.1,6.3,.642,5.9,8.2,14.1,1.9,1.4,1.3,2.8,7.2,16.5,,113,100,willibu01
421,Eric Williams,SG,24,BOS,72,67,2435,7.7,16.9,.456,0.0,0.2,.250,7.7,16.7,.458,6.8,9.0,.752,2.6,4.2,6.8,2.7,1.5,0.3,2.9,4.4,22.2,,107,114,willier01
422,Herb Williams,PF,38,NYK,21,2,184,5.2,13.3,.391,0.0,0.3,.000,5.2,13.0,.400,0.9,1.2,.750,2.6,6.3,8.9,1.4,1.2,1.4,1.4,5.2,11.2,,91,102,willihe01
423,Hot Rod Williams,C,34,PHO,68,66,2137,4.9,10.0,.490,0.0,0.0,.000,4.9,10.0,.493,3.2,4.8,.672,4.3,9.3,13.5,2.4,1.6,2.1,1.6,4.2,13.0,,115,106,williho01
424,Jayson Williams,PF,28,NJN,41,40,1432,8.0,19.6,.409,0.0,0.1,.000,8.0,19.5,.412,3.9,6.6,.590,8.8,11.3,20.1,1.9,0.9,1.3,3.0,5.7,20.0,,100,108,willija01
425,Jerome Williams,PF,23,DET,33,0,177,6.4,16.4,.392,0.0,0.0,,6.4,16.4,.392,2.9,5.5,.529,7.1,9.0,16.0,2.2,4.2,0.3,4.2,5.8,15.7,,90,98,willije01
426,Lorenzo Williams,C,27,WSB,19,0,264,3.9,6.1,.645,0.0,0.0,,3.9,6.1,.645,1.0,1.4,.714,5.5,8.1,13.6,0.8,1.2,1.6,3.5,9.6,8.9,,102,104,willilo01
427,Monty Williams,SF,25,SAS,65,26,1345,9.6,18.8,.509,0.0,0.0,.000,9.6,18.8,.510,4.9,7.6,.645,4.0,4.4,8.4,3.7,2.2,2.1,4.7,6.6,24.0,,101,112,willimo01
428,Reggie Williams,SF,32,TOT,13,0,200,7.6,19.9,.382,2.4,8.9,.265,5.2,11.0,.476,2.4,3.1,.750,1.3,6.8,8.1,2.6,2.1,1.0,3.1,8.6,19.9,,95,108,willire01
428,Reggie Williams,SF,32,IND,2,0,33,3.3,14.7,.222,0.0,1.6,.000,3.3,13.1,.250,1.6,3.3,.500,1.6,9.8,11.4,3.3,0.0,0.0,3.3,8.2,8.2,,60,107,willire01
428,Reggie Williams,SF,32,NJN,11,0,167,8.4,20.8,.403,2.8,10.3,.273,5.6,10.6,.529,2.5,3.1,.800,1.2,6.2,7.5,2.5,2.5,1.2,3.1,8.7,22.1,,100,108,willire01
429,Scott Williams,C,28,PHI,62,52,1317,6.2,12.2,.509,0.0,0.1,.000,6.2,12.1,.513,1.5,2.1,.691,5.9,9.3,15.2,1.6,1.7,1.6,1.9,7.9,13.8,,113,108,willisc01
430,Walt Williams,SF,26,TOR,73,73,2647,8.4,19.7,.427,3.5,8.7,.400,4.9,10.9,.448,3.7,4.9,.765,2.1,5.3,7.3,3.9,1.9,1.2,3.5,5.6,24.0,,108,109,williwa02
431,Corliss Williamson,SF,23,SAC,79,31,1992,9.8,19.7,.498,0.0,0.1,.000,9.8,19.6,.500,4.6,6.6,.689,3.7,4.9,8.6,3.3,1.6,1.3,4.2,7.0,24.2,,103,109,willico02
432,Kevin Willis,PF,34,HOU,75,32,1964,9.3,19.4,.481,0.1,0.4,.143,9.3,19.0,.487,3.7,5.4,.693,3.9,11.1,15.0,1.9,1.1,0.9,3.2,5.8,22.5,,101,103,willike02
433,David Wingate,SG,33,SEA,65,2,929,5.1,12.2,.416,1.4,4.1,.352,3.7,8.2,.448,1.9,2.3,.825,1.3,2.9,4.2,4.6,2.5,0.3,2.1,6.2,13.5,,106,106,wingada01
434,Dontonio Wingfield,SF,22,POR,47,0,569,7.3,17.9,.409,2.4,7.1,.338,4.9,10.8,.457,2.5,3.7,.675,5.8,6.9,12.7,4.2,1.3,0.6,4.5,9.4,19.6,,101,104,wingfdo01
435,Joe Wolf,C,32,MIL,56,7,525,4.1,9.1,.449,0.1,0.7,.143,4.0,8.4,.476,1.4,1.9,.737,3.3,8.2,11.4,2.0,1.4,1.1,1.4,10.7,9.7,,107,107,wolfjo01
436,David Wood,PF,32,MIL,46,0,240,4.5,8.5,.526,1.1,3.4,.333,3.4,5.1,.652,2.7,4.0,.667,1.1,4.9,6.0,2.9,1.6,1.3,1.3,8.0,12.7,,123,109,woodda01
437,Haywoode Workman,PG,31,IND,4,2,81,7.3,13.3,.550,0.0,2.0,.000,7.3,11.3,.647,0.0,0.7,.000,2.7,2.0,4.7,7.3,2.0,0.0,3.3,6.7,14.6,,106,108,workmha01
438,Lorenzen Wright,C,21,LAC,77,51,1936,6.4,13.3,.481,0.0,0.1,.250,6.4,13.2,.483,2.4,4.1,.587,5.6,7.2,12.8,1.3,1.3,1.6,2.1,5.7,15.2,,106,108,wrighlo02
439,Sharone Wright,C,24,TOR,60,28,1009,8.5,21.2,.400,0.0,0.1,.000,8.5,21.1,.400,3.6,7.0,.511,4.1,5.6,9.8,1.5,0.8,2.6,4.9,7.7,20.5,,82,109,wrighsh01
440,George Zídek,C,23,TOT,52,2,376,7.0,16.8,.415,0.0,0.3,.000,7.0,16.6,.422,6.4,8.1,.789,5.0,7.3,12.3,2.0,0.7,0.4,3.9,8.7,20.4,,100,111,zidekge01
440,George Zídek,C,23,CHH,36,2,288,6.2,16.0,.388,0.0,0.4,.000,6.2,15.6,.398,4.7,6.0,.781,4.7,7.2,11.9,1.7,0.8,0.6,4.3,8.3,17.1,,90,110,zidekge01
440,George Zídek,C,23,DEN,16,0,88,9.4,19.5,.485,0.0,0.0,,9.4,19.5,.485,11.8,14.8,.800,5.9,7.7,13.6,3.0,0.6,0.0,2.4,10.0,30.7,,125,113,zidekge01
441,Aleksandar Djordjevic,SG,29,POR,8,0,61,6.9,13.8,.500,4.3,6.1,.714,2.6,7.8,.333,3.5,4.3,.800,0.9,3.5,4.3,4.3,0.0,0.0,4.3,2.6,21.6,,116,111,djordal01